timestamp,time_minutes,total_load_kw,critical_load_kw,non_critical_load_kw,shed_load_kw,pv_power_kw,pv_curtailment_kw,generator_power_kw,generator_state,grid_power_kw,battery_power_kw,battery_soc_percent,battery_energy_kwh,operation_mode,grid_available,frequency_hz,voltage_pu,power_balance_kw,islanding_event,reconnection_event,load_energy_kwh,pv_energy_kwh,generator_fuel_liters,battery_throughput_kwh
2025-01-15 00:00:00,0.0,152.8158206272321,240,0.0,0.0,0.0,0,0.0,OFF,0.0,-152.8158206272321,79.25835876122804,1426.6504577021046,GRID_CONNECTED,True,50.0,1.0,-152.8158206272321,False,False,12.734651718936009,0.0,0.0,13.34954229789533
2025-01-15 00:05:00,5.0,160.8253638713609,240,0.0,0.0,0.0,0,0.0,OFF,0.0,-160.8253638713609,78.47784584314176,1412.601225176552,GRID_CONNECTED,True,50.0,1.0,-160.8253638713609,False,False,26.13676537488275,0.0,0.0,27.39877482344805
2025-01-15 00:10:00,10.0,158.5309183372509,240,0.0,0.0,0.0,0,0.0,OFF,0.0,-158.5309183372509,77.70846826052815,1398.7524286895068,GRID_CONNECTED,True,50.0,1.0,-158.5309183372509,False,False,39.34767523632033,0.0,0.0,41.247571310493115
2025-01-15 00:15:00,15.0,159.61816245807444,240,0.0,0.0,0.0,0,0.0,OFF,0.0,-159.61816245807444,76.93381409677716,1384.8086537419888,GRID_CONNECTED,True,50.0,1.0,-159.61816245807444,False,False,52.6491887744932,0.0,0.0,55.191346258011045
2025-01-15 00:20:00,20.0,167.4787628126593,240,0.0,0.0,0.0,0,0.0,OFF,0.0,-167.4787628126593,76.12101109895559,1370.1781997812006,GRID_CONNECTED,True,50.0,1.0,-167.4787628126593,False,False,66.6057523422148,0.0,0.0,69.82180021879917
2025-01-15 00:25:00,25.0,162.6512773708184,240,0.0,0.0,0.0,0,0.0,OFF,0.0,-162.6512773708184,75.33163671126448,1355.9694608027608,GRID_CONNECTED,True,50.0,1.0,-162.6512773708184,False,False,80.16002545644966,0.0,0.0,84.03053919723915
2025-01-15 00:30:00,30.0,159.53687992429937,240,0.0,0.0,0.0,0,0.0,OFF,0.0,-159.53687992429937,74.55737702551187,1342.0327864592134,GRID_CONNECTED,True,50.0,1.0,-159.53687992429937,False,False,93.45476545014128,0.0,0.0,97.96721354078652
2025-01-15 00:35:00,35.0,164.9557118677177,240,0.0,0.0,0.0,0,0.0,OFF,0.0,-164.9557118677177,73.75681882420817,1327.622738835747,GRID_CONNECTED,True,50.0,1.0,-164.9557118677177,False,False,107.2010747724511,0.0,0.0,112.37726116425304
2025-01-15 00:40:00,40.0,157.7509524064164,240,0.0,0.0,0.0,0,0.0,OFF,0.0,-157.7509524064164,72.99122654927257,1313.8420778869063,GRID_CONNECTED,True,50.0,1.0,-157.7509524064164,False,False,120.34698747298579,0.0,0.0,126.15792211309365
2025-01-15 00:45:00,45.0,162.25008750813487,240,0.0,0.0,0.0,0,0.0,OFF,0.0,-162.25008750813487,72.20379920440413,1299.6683856792745,GRID_CONNECTED,True,50.0,1.0,-162.25008750813487,False,False,133.8678280986637,0.0,0.0,140.3316143207255
2025-01-15 00:50:00,50.0,154.16974693286468,240,0.0,0.0,0.0,0,0.0,OFF,0.0,-154.16974693286468,71.45558713037184,1286.200568346693,GRID_CONNECTED,True,50.0,1.0,-154.16974693286468,False,False,146.71530700973574,0.0,0.0,153.79943165330695
2025-01-15 00:55:00,55.0,152.0224626239286,240,0.0,0.0,0.0,0,0.0,OFF,0.0,-152.0224626239286,70.71779619328947,1272.9203314792105,GRID_CONNECTED,True,50.0,1.0,-152.0224626239286,False,False,159.3838455617298,0.0,0.0,167.07966852078937
2025-01-15 01:00:00,60.0,156.21937558804407,240,0.0,0.0,0.0,0,0.0,OFF,0.0,-156.21937558804407,69.95963692184914,1259.2734645932844,GRID_CONNECTED,True,50.0,1.0,-156.21937558804407,False,False,172.40212686073346,0.0,0.0,180.72653540671544
2025-01-15 01:05:00,65.0,160.81455173544725,240,0.0,0.0,0.0,0,0.0,OFF,0.0,-160.81455173544725,69.17917647690236,1245.2251765842425,GRID_CONNECTED,True,50.0,1.0,-160.81455173544725,False,False,185.80333950535407,0.0,0.0,194.77482341575725
2025-01-15 01:10:00,70.0,156.53360077704136,240,0.0,0.0,0.0,0,0.0,OFF,0.0,-156.53360077704136,68.41949221703175,1231.5508599065713,GRID_CONNECTED,True,50.0,1.0,-156.53360077704136,False,False,198.84780623677418,0.0,0.0,208.44914009342847
2025-01-15 01:15:00,75.0,163.91815432416286,240,0.0,0.0,0.0,0,0.0,OFF,0.0,-163.91815432416286,67.62396945943237,1217.2314502697827,GRID_CONNECTED,True,50.0,1.0,-163.91815432416286,False,False,212.5076524304544,0.0,0.0,222.76854973021707
2025-01-15 01:20:00,80.0,152.71606172426135,240,0.0,0.0,0.0,0,0.0,OFF,0.0,-152.71606172426135,66.88281236762946,1203.89062261733,GRID_CONNECTED,True,50.0,1.0,-152.71606172426135,False,False,225.2339909074762,0.0,0.0,236.10937738266972
2025-01-15 01:25:00,85.0,156.21966250197048,240,0.0,0.0,0.0,0,0.0,OFF,0.0,-156.21966250197048,66.12465170374689,1190.2437306674442,GRID_CONNECTED,True,50.0,1.0,-156.21966250197048,False,False,238.25229611597373,0.0,0.0,249.75626933255566
2025-01-15 01:30:00,90.0,157.46035536567854,240,0.0,0.0,0.0,0,0.0,OFF,0.0,-157.46035536567854,65.36046974580853,1176.4884554245536,GRID_CONNECTED,True,50.0,1.0,-157.46035536567854,False,False,251.37399239644694,0.0,0.0,263.5115445754461
2025-01-15 01:35:00,95.0,162.8740744665417,240,0.0,0.0,0.0,0,0.0,OFF,0.0,-162.8740744665417,64.57001408581598,1162.2602535446877,GRID_CONNECTED,True,50.0,1.0,-162.8740744665417,False,False,264.9468319353254,0.0,0.0,277.7397464553121
2025-01-15 01:40:00,100.0,163.1736505012525,240,0.0,0.0,0.0,0,0.0,OFF,0.0,-163.1736505012525,63.778104532237165,1148.005881580269,GRID_CONNECTED,True,50.0,1.0,-163.1736505012525,False,False,278.5446361437631,0.0,0.0,291.99411841973085
2025-01-15 01:45:00,105.0,167.33881147580553,240,0.0,0.0,0.0,0,0.0,OFF,0.0,-167.33881147580553,62.96598074212072,1133.3876533581729,GRID_CONNECTED,True,50.0,1.0,-167.33881147580553,False,False,292.48953710008027,0.0,0.0,306.61234664182706
2025-01-15 01:50:00,110.0,155.54785996079232,240,0.0,0.0,0.0,0,0.0,OFF,0.0,-155.54785996079232,62.21108045053997,1119.7994481097194,GRID_CONNECTED,True,50.0,1.0,-155.54785996079232,False,False,305.4518587634796,0.0,0.0,320.2005518902806
2025-01-15 01:55:00,115.0,165.82524967127637,240,0.0,0.0,0.0,0,0.0,OFF,0.0,-165.82524967127637,61.4063022339843,1105.3134402117173,GRID_CONNECTED,True,50.0,1.0,-165.82524967127637,False,False,319.2706295694193,0.0,0.0,334.68655978828275
2025-01-15 02:00:00,120.0,165.00841552831935,240,0.0,0.0,0.0,0,0.0,OFF,0.0,-165.00841552831935,60.6054882528276,1090.8987885508968,GRID_CONNECTED,True,50.0,1.0,-165.00841552831935,False,False,333.02133086344594,0.0,0.0,349.1012114491033
2025-01-15 02:05:00,125.0,163.37577821648932,240,0.0,0.0,0.0,0,0.0,OFF,0.0,-163.37577821648932,59.81259773897579,1076.6267593015643,GRID_CONNECTED,True,50.0,1.0,-163.37577821648932,False,False,346.6359790481534,0.0,0.0,363.37324069843567
2025-01-15 02:10:00,130.0,155.00048933243332,240,0.0,0.0,0.0,0,0.0,OFF,0.0,-155.00048933243332,59.06035393040327,1063.0863707472588,GRID_CONNECTED,True,50.0,1.0,-155.00048933243332,False,False,359.5526864925228,0.0,0.0,376.91362925274126
2025-01-15 02:15:00,135.0,153.30556118710513,240,0.0,0.0,0.0,0,0.0,OFF,0.0,-153.30556118710513,58.3163358971737,1049.6940461491265,GRID_CONNECTED,True,50.0,1.0,-153.30556118710513,False,False,372.32814992478154,0.0,0.0,390.3059538508735
2025-01-15 02:20:00,140.0,165.71376445768433,240,0.0,0.0,0.0,0,0.0,OFF,0.0,-165.71376445768433,57.512098737372305,1035.2177772727016,GRID_CONNECTED,True,50.0,1.0,-165.71376445768433,False,False,386.1376302962552,0.0,0.0,404.78222272729835
2025-01-15 02:25:00,145.0,163.44798779216825,240,0.0,0.0,0.0,0,0.0,OFF,0.0,-163.44798779216825,56.71885777813509,1020.9394400064317,GRID_CONNECTED,True,50.0,1.0,-163.44798779216825,False,False,399.7582959456026,0.0,0.0,419.0605599935683
2025-01-15 02:30:00,150.0,164.2377907828326,240,0.0,0.0,0.0,0,0.0,OFF,0.0,-164.2377907828326,55.92178377029088,1006.5921078652359,GRID_CONNECTED,True,50.0,1.0,-164.2377907828326,False,False,413.44477851083866,0.0,0.0,433.40789213476415
2025-01-15 02:35:00,155.0,164.45153842481986,240,0.0,0.0,0.0,0,0.0,OFF,0.0,-164.45153842481986,55.1236724086875,992.226103356375,GRID_CONNECTED,True,50.0,1.0,-164.45153842481986,False,False,427.1490733795736,0.0,0.0,447.77389664362505
2025-01-15 02:40:00,160.0,163.84880439972778,240,0.0,0.0,0.0,0,0.0,OFF,0.0,-163.84880439972778,54.328486218098384,977.9127519257709,GRID_CONNECTED,True,50.0,1.0,-163.84880439972778,False,False,440.80314041288426,0.0,0.0,462.08724807422925
2025-01-15 02:45:00,165.0,154.1106791137667,240,0.0,0.0,0.0,0,0.0,OFF,0.0,-154.1106791137667,53.58056081026561,964.4500945847809,GRID_CONNECTED,True,50.0,1.0,-154.1106791137667,False,False,453.64569700569814,0.0,0.0,475.54990541521914
2025-01-15 02:50:00,170.0,160.64666664377796,240,0.0,0.0,0.0,0,0.0,OFF,0.0,-160.64666664377796,52.8009151402999,950.4164725253981,GRID_CONNECTED,True,50.0,1.0,-160.64666664377796,False,False,467.03291922601295,0.0,0.0,489.5835274746019
2025-01-15 02:55:00,175.0,164.12836128447367,240,0.0,0.0,0.0,0,0.0,OFF,0.0,-164.12836128447367,52.00437221247337,936.0786998245206,GRID_CONNECTED,True,50.0,1.0,-164.12836128447367,False,False,480.71028266638575,0.0,0.0,503.9213001754795
2025-01-15 03:00:00,180.0,154.93025994321667,240,0.0,0.0,0.0,0,0.0,OFF,0.0,-154.93025994321667,51.25246923910365,922.5444463038657,GRID_CONNECTED,True,50.0,1.0,-154.93025994321667,False,False,493.6211376616538,0.0,0.0,517.4555536961344
2025-01-15 03:05:00,185.0,165.8739233396459,240,0.0,0.0,0.0,0,0.0,OFF,0.0,-165.8739233396459,50.44745480093455,908.054186416822,GRID_CONNECTED,True,50.0,1.0,-165.8739233396459,False,False,507.44396460662426,0.0,0.0,531.9458135831782
2025-01-15 03:10:00,190.0,160.77794955680343,240,0.0,0.0,0.0,0,0.0,OFF,0.0,-160.77794955680343,49.66717199260289,894.009095866852,GRID_CONNECTED,True,50.0,1.0,-160.77794955680343,False,False,520.8421270696912,0.0,0.0,545.9909041331481
2025-01-15 03:15:00,195.0,159.16208914310147,240,0.0,0.0,0.0,0,0.0,OFF,0.0,-159.16208914310147,48.89473123042837,880.1051621477108,GRID_CONNECTED,True,50.0,1.0,-159.16208914310147,False,False,534.1056344982829,0.0,0.0,559.8948378522894
2025-01-15 03:20:00,200.0,164.16235045996626,240,0.0,0.0,0.0,0,0.0,OFF,0.0,-164.16235045996626,48.09802334733665,865.7644202520597,GRID_CONNECTED,True,50.0,1.0,-164.16235045996626,False,False,547.7858303699468,0.0,0.0,574.2355797479404
2025-01-15 03:25:00,205.0,153.61378104667307,240,0.0,0.0,0.0,0,0.0,OFF,0.0,-153.61378104667307,47.35250947056467,852.345170470164,GRID_CONNECTED,True,50.0,1.0,-153.61378104667307,False,False,560.5869787905028,0.0,0.0,587.6548295298361
2025-01-15 03:30:00,210.0,163.48135982203974,240,0.0,0.0,0.0,0,0.0,OFF,0.0,-163.48135982203974,46.559106551175205,838.0639179211537,GRID_CONNECTED,True,50.0,1.0,-163.48135982203974,False,False,574.2104254423394,0.0,0.0,601.9360820788464
2025-01-15 03:35:00,215.0,161.0111017412927,240,0.0,0.0,0.0,0,0.0,OFF,0.0,-161.0111017412927,45.77769221553036,823.9984598795464,GRID_CONNECTED,True,50.0,1.0,-161.0111017412927,False,False,587.6280172541138,0.0,0.0,616.0015401204537
2025-01-15 03:40:00,220.0,162.3707500683459,240,0.0,0.0,0.0,0,0.0,OFF,0.0,-162.3707500683459,44.989679274679375,809.8142269442288,GRID_CONNECTED,True,50.0,1.0,-162.3707500683459,False,False,601.1589130931427,0.0,0.0,630.1857730557713
2025-01-15 03:45:00,225.0,164.13484859209035,240,0.0,0.0,0.0,0,0.0,OFF,0.0,-164.13484859209035,44.19310486284264,795.4758875311675,GRID_CONNECTED,True,50.0,1.0,-164.13484859209035,False,False,614.8368171424836,0.0,0.0,644.5241124688326
2025-01-15 03:50:00,230.0,154.53908704419544,240,0.0,0.0,0.0,0,0.0,OFF,0.0,-154.53908704419544,43.44310031826264,781.9758057287276,GRID_CONNECTED,True,50.0,1.0,-154.53908704419544,False,False,627.7150743961665,0.0,0.0,658.0241942712726
2025-01-15 03:55:00,235.0,160.19631772828006,240,0.0,0.0,0.0,0,0.0,OFF,0.0,-160.19631772828006,42.665640268386525,767.9815248309574,GRID_CONNECTED,True,50.0,1.0,-160.19631772828006,False,False,641.0647675401899,0.0,0.0,672.0184751690427
2025-01-15 04:00:00,240.0,162.25919269003757,240,0.0,0.0,0.0,0,0.0,OFF,0.0,-162.25919269003757,41.878168734517516,753.8070372213152,GRID_CONNECTED,True,50.0,1.0,-162.25919269003757,False,False,654.5863669310264,0.0,0.0,686.1929627786849
2025-01-15 04:05:00,245.0,162.1104653005631,240,0.0,0.0,0.0,0,0.0,OFF,0.0,-162.1104653005631,41.09141900003365,739.6455420006057,GRID_CONNECTED,True,50.0,1.0,-162.1104653005631,False,False,668.09557237274,0.0,0.0,700.3544579993945
2025-01-15 04:10:00,250.0,167.78266529467882,240,0.0,0.0,0.0,0,0.0,OFF,0.0,-167.78266529467882,40.2771411116392,724.9885400095056,GRID_CONNECTED,True,50.0,1.0,-167.78266529467882,False,False,682.0774611472965,0.0,0.0,715.0114599904946
2025-01-15 04:15:00,255.0,160.35365283872832,240,0.0,0.0,0.0,0,0.0,OFF,0.0,-160.35365283872832,39.498917487640085,710.9805147775215,GRID_CONNECTED,True,50.0,1.0,-160.35365283872832,False,False,695.4402655505239,0.0,0.0,729.0194852224787
2025-01-15 04:20:00,260.0,153.24486471180185,240,0.0,0.0,0.0,0,0.0,OFF,0.0,-153.24486471180185,38.75519402475636,697.5934924456145,GRID_CONNECTED,True,50.0,1.0,-153.24486471180185,False,False,708.210670943174,0.0,0.0,742.4065075543857
2025-01-15 04:25:00,265.0,153.11098852233715,240,0.0,0.0,0.0,0,0.0,OFF,0.0,-153.11098852233715,38.01212028585142,684.2181651453254,GRID_CONNECTED,True,50.0,1.0,-153.11098852233715,False,False,720.9699199867022,0.0,0.0,755.7818348546748
2025-01-15 04:30:00,270.0,163.9212439291395,240,0.0,0.0,0.0,0,0.0,OFF,0.0,-163.9212439291395,37.21658253387219,669.8984856096995,GRID_CONNECTED,True,50.0,1.0,-163.9212439291395,False,False,734.6300236474638,0.0,0.0,770.1015143903007
2025-01-15 04:35:00,275.0,155.4209485024879,240,0.0,0.0,0.0,0,0.0,OFF,0.0,-155.4209485024879,36.46229816524212,656.3213669743582,GRID_CONNECTED,True,50.0,1.0,-155.4209485024879,False,False,747.5817693560044,0.0,0.0,783.6786330256421
2025-01-15 04:40:00,280.0,166.91733017798225,240,0.0,0.0,0.0,0,0.0,OFF,0.0,-166.91733017798225,35.65221989574358,641.7399581233844,GRID_CONNECTED,True,50.0,1.0,-166.91733017798225,False,False,761.4915468708363,0.0,0.0,798.2600418766158
2025-01-15 04:45:00,285.0,160.55583014225346,240,0.0,0.0,0.0,0,0.0,OFF,0.0,-160.55583014225346,34.873015070811064,627.7142712745991,GRID_CONNECTED,True,50.0,1.0,-160.55583014225346,False,False,774.8711993826907,0.0,0.0,812.2857287254011
2025-01-15 04:50:00,290.0,153.69212352313406,240,0.0,0.0,0.0,0,0.0,OFF,0.0,-153.69212352313406,34.12712098464026,614.2881777235247,GRID_CONNECTED,True,50.0,1.0,-153.69212352313406,False,False,787.6788763429519,0.0,0.0,825.7118222764756
2025-01-15 04:55:00,295.0,152.47272588235555,240,0.0,0.0,0.0,0,0.0,OFF,0.0,-152.47272588235555,33.387144843176685,600.9686071771804,GRID_CONNECTED,True,50.0,1.0,-152.47272588235555,False,False,800.3849368331481,0.0,0.0,839.0313928228198
2025-01-15 05:00:00,300.0,253.51351075168446,240,13.513510751684464,0.0,0.0,0,0.0,OFF,0.0,-253.51351075168446,32.1568005412085,578.822409741753,GRID_CONNECTED,True,50.0,1.0,-253.51351075168446,False,False,821.5110627291218,0.0,0.0,861.1775902582473
2025-01-15 05:05:00,305.0,257.436336630486,240,17.436336630485982,0.0,0.0,0,0.0,OFF,0.0,-257.436336630486,30.907418096250268,556.3335257325048,GRID_CONNECTED,True,50.0,1.0,-257.436336630486,False,False,842.9640907816623,0.0,0.0,883.6664742674955
2025-01-15 05:10:00,310.0,259.3891797581824,240,19.389179758182422,0.0,0.0,0,0.0,OFF,0.0,-259.3891797581824,29.64855817055472,533.6740470699849,GRID_CONNECTED,True,50.0,1.0,-259.3891797581824,False,False,864.5798557615109,0.0,0.0,906.3259529300153
2025-01-15 05:15:00,315.0,251.98785712332082,240,11.987857123320822,0.0,0.0,0,0.0,OFF,0.0,-251.98785712332082,28.42561812583052,511.66112626494936,GRID_CONNECTED,True,50.0,1.0,-251.98785712332082,False,False,885.5788438551209,0.0,0.0,928.3388737350508
2025-01-15 05:20:00,320.0,250.72829129691183,240,10.728291296911834,0.0,0.0,0,0.0,OFF,0.0,-250.72829129691183,27.20879096886872,489.75823743963696,GRID_CONNECTED,True,50.0,1.0,-250.72829129691183,False,False,906.4728681298635,0.0,0.0,950.2417625603632
2025-01-15 05:25:00,325.0,258.99729118602755,240,18.997291186027553,0.0,0.0,0,0.0,OFF,0.0,-258.99729118602755,25.95183294524666,467.13299301443993,GRID_CONNECTED,True,50.0,1.0,-258.99729118602755,False,False,928.0559757286992,0.0,0.0,972.8670069855602
2025-01-15 05:30:00,330.0,257.04075748915216,240,17.040757489152156,0.0,0.0,0,0.0,OFF,0.0,-257.04075748915216,24.704370313323544,444.67866563982375,GRID_CONNECTED,True,50.0,1.0,-257.04075748915216,False,False,949.4760388527952,0.0,0.0,995.3213343601764
2025-01-15 05:35:00,335.0,261.7207529574072,240,21.720752957407228,0.0,0.0,0,0.0,OFF,0.0,-261.7207529574072,23.43419486526478,421.815507574766,GRID_CONNECTED,True,50.0,1.0,-261.7207529574072,False,False,971.2861015992459,0.0,0.0,1018.1844924252341
2025-01-15 05:40:00,340.0,247.51094862400055,240,7.510948624000548,0.0,0.0,0,0.0,OFF,0.2489183249364828,-247.26203029906407,22.234190064062997,400.21542115313395,GRID_CONNECTED,True,50.0,1.0,-247.26203029906407,False,False,991.9120139845793,0.0,0.0,1039.7845788468662
2025-01-15 05:45:00,345.0,248.81402072531822,240,8.814020725318215,0.0,0.0,0,0.0,OFF,87.95233611278246,-160.86168461253575,21.453500875225657,386.16301575406186,GRID_CONNECTED,True,50.0,1.0,-160.86168461253575,False,False,1012.6465157116892,0.0,0.0,1053.8369842459383
2025-01-15 05:50:00,350.0,271.1175831103407,240,31.117583110340718,0.0,0.0,0,0.0,OFF,166.4655200940934,-104.65206301624733,20.945606566005296,377.0209181880953,GRID_CONNECTED,True,50.0,1.0,-104.65206301624733,False,False,1035.239647637551,0.0,0.0,1062.979081811905
2025-01-15 05:55:00,355.0,268.0440400708373,240,28.044040070837298,0.0,0.0,0,0.0,OFF,199.960367318456,-68.08367275238129,20.615184891122617,371.0733280402071,GRID_CONNECTED,True,50.0,1.0,-68.08367275238129,False,False,1057.5766509767873,0.0,0.0,1068.926671959793
2025-01-15 06:00:00,360.0,268.526850354243,240,28.52685035424298,0.0,2.1821504837730025e-30,0,0.0,OFF,224.23353819341457,-44.29331216082841,20.400221893407863,367.20399408134153,GRID_CONNECTED,True,50.0,1.0,-44.29331216082841,False,False,1079.9538885063075,1.818458736477502e-31,0.0,1072.7960059186587
2025-01-15 06:05:00,365.0,253.76449499964727,240,13.764494999647269,0.0,0.2769543390940042,0,0.0,OFF,224.6715643351871,-28.815976325366165,20.26037304601333,364.68671482823993,GRID_CONNECTED,True,50.0,1.0,-28.815976325366165,False,False,1101.1009297562782,0.02307952825783368,0.0,1075.3132851717603
2025-01-15 06:10:00,370.0,259.74897824258414,240,19.748978242584144,0.0,1.1071321666080318,0,0.0,OFF,239.89498676301625,-18.746859312959856,20.16939134067104,363.0490441320787,GRID_CONNECTED,True,50.0,1.0,-18.746859312959856,False,False,1122.7466779431602,0.11534054214183634,0.0,1076.9509558679215
2025-01-15 06:15:00,375.0,267.1497370390175,240,27.14973703901751,0.0,2.48848041994608,0,0.0,OFF,252.4650800907565,-12.196176528314936,20.110201216038554,361.98362188869396,GRID_CONNECTED,True,50.0,1.0,-12.196176528314936,False,False,1145.009156029745,0.3227139104706763,0.0,1078.0163781113063
2025-01-15 06:20:00,380.0,262.1719635216223,240,22.171963521622274,0.0,4.417585669885222,0,0.0,OFF,245.5582013234221,-12.196176528314936,20.110201216038554,361.98362188869396,GRID_CONNECTED,True,50.0,1.0,-12.196176528314936,False,False,1166.856819656547,0.6908460496277782,0.0,1078.0163781113063
2025-01-15 06:25:00,385.0,247.17503348231892,240,7.1750334823189235,0.0,6.889686584597843,0,0.0,OFF,228.08917036940613,-12.196176528314936,20.110201216038554,361.98362188869396,GRID_CONNECTED,True,50.0,1.0,-12.196176528314936,False,False,1187.454739113407,1.2649865983442652,0.0,1078.0163781113063
2025-01-15 06:30:00,390.0,266.54886283634386,240,26.548862836343858,0.0,9.898691282361241,0,0.0,OFF,248.7156839992067,-7.934487554775899,20.07169379478471,361.29048830612476,GRID_CONNECTED,True,50.0,1.0,-7.934487554775899,False,False,1209.667144349769,2.0898775385410353,0.0,1078.7095116938754
2025-01-15 06:35:00,395.0,259.8921582311077,240,19.892158231107715,0.0,13.437199476836971,0,0.0,OFF,238.52047119949484,-7.934487554775899,20.07169379478471,361.29048830612476,GRID_CONNECTED,True,50.0,1.0,-7.934487554775899,False,False,1231.3248242023612,3.209644161610783,0.0,1078.7095116938754
2025-01-15 06:40:00,400.0,253.03115151924493,240,13.03115151924493,0.0,17.496529292480044,0,0.0,OFF,227.600134671989,-7.934487554775899,20.07169379478471,361.29048830612476,GRID_CONNECTED,True,50.0,1.0,-7.934487554775899,False,False,1252.4107534956318,4.667688269317454,0.0,1078.7095116938754
2025-01-15 06:45:00,405.0,249.81998107068202,240,9.819981070682019,0.0,22.06674860216188,0,0.0,OFF,219.81874491374424,-7.934487554775899,20.07169379478471,361.29048830612476,GRID_CONNECTED,True,50.0,1.0,-7.934487554775899,False,False,1273.2290852515218,6.5065839861642765,0.0,1078.7095116938754
2025-01-15 06:50:00,410.0,253.48566491502058,240,13.485664915020578,0.0,27.136710714631807,0,0.0,OFF,218.41446664561286,-7.934487554775899,20.07169379478471,361.29048830612476,GRID_CONNECTED,True,50.0,1.0,-7.934487554775899,False,False,1294.3528906611068,8.767976545716927,0.0,1078.7095116938754
2025-01-15 06:55:00,415.0,251.38791133891036,240,11.387911338910357,0.0,32.69409421616988,0,0.0,OFF,210.75932956796458,-7.934487554775899,20.07169379478471,361.29048830612476,GRID_CONNECTED,True,50.0,1.0,-7.934487554775899,False,False,1315.3018832726827,11.492484397064416,0.0,1078.7095116938754
2025-01-15 07:00:00,420.0,251.37304213346624,240,11.373042133466242,0.0,38.72544674885551,0,0.0,OFF,204.71310782983483,-7.934487554775899,20.07169379478471,361.29048830612476,GRID_CONNECTED,True,50.0,1.0,-7.934487554775899,False,False,1336.2496367838048,14.719604959469041,0.0,1078.7095116938754
2025-01-15 07:05:00,425.0,268.72191341731957,240,28.72191341731957,0.0,45.21623248744165,0,0.0,OFF,218.34372770537874,-5.161953224499172,20.046641955464757,360.8395551983656,GRID_CONNECTED,True,50.0,1.0,-5.1619532244992,False,False,1358.6431295685813,18.487624333422513,0.0,1079.1604448016346
2025-01-15 07:10:00,430.0,260.3333851879227,240,20.333385187922715,0.0,52.150883058018856,0,0.0,OFF,203.0205489054047,-5.161953224499172,20.046641955464757,360.8395551983656,GRID_CONNECTED,True,50.0,1.0,-5.161953224499172,False,False,1380.3375783342415,22.833531254924083,0.0,1079.1604448016346
2025-01-15 07:15:00,435.0,251.89423226662058,240,11.894232266620577,0.0,59.51285162460471,0,0.0,OFF,187.2194274175167,-5.161953224499172,20.046641955464757,360.8395551983656,GRID_CONNECTED,True,50.0,1.0,-5.161953224499172,False,False,1401.32876435646,27.792935556974474,0.0,1079.1604448016346
2025-01-15 07:20:00,440.0,266.652655275558,240,26.652655275558004,0.0,67.28466985461277,0,0.0,OFF,196.0097646274827,-3.3582207934625217,20.030343937241835,360.54619087035303,GRID_CONNECTED,True,50.0,1.0,-3.3582207934625217,False,False,1423.5498189627565,33.399991378192205,0.0,1079.4538091296472
2025-01-15 07:25:00,445.0,251.8699811915342,240,11.869981191534208,0.0,75.44800746093932,0,0.0,OFF,173.06375293713236,-3.3582207934625217,20.030343937241835,360.54619087035303,GRID_CONNECTED,True,50.0,1.0,-3.3582207934625217,False,False,1444.538984062051,39.68732533327048,0.0,1079.4538091296472
2025-01-15 07:30:00,450.0,258.1004433065898,240,18.100443306589796,0.0,83.98373400724324,0,0.0,OFF,170.75848850588403,-3.3582207934625217,20.030343937241835,360.54619087035303,GRID_CONNECTED,True,50.0,1.0,-3.3582207934625217,False,False,1466.0473543376002,46.68596983387408,0.0,1079.4538091296472
2025-01-15 07:35:00,455.0,247.399052259094,240,7.399052259093992,0.0,92.8719826539478,0,0.0,OFF,151.1688488116837,-3.3582207934625217,20.030343937241835,360.54619087035303,GRID_CONNECTED,True,50.0,1.0,-3.3582207934625217,False,False,1486.663942025858,54.425301721703065,0.0,1079.4538091296472
2025-01-15 07:40:00,460.0,251.88543833171582,240,11.885438331715818,0.0,102.09221551562227,0,0.0,OFF,146.435002022631,-3.3582207934625217,20.030343937241835,360.54619087035303,GRID_CONNECTED,True,50.0,1.0,-3.3582207934625217,False,False,1507.6543952201675,62.93298634800492,0.0,1079.4538091296472
2025-01-15 07:45:00,465.0,250.2884996163694,240,10.288499616369393,0.0,111.62329029573688,0,0.0,OFF,135.30698852717,-3.3582207934625217,20.030343937241835,360.54619087035303,GRID_CONNECTED,True,50.0,1.0,-3.3582207934625217,False,False,1528.5117701881984,72.23492720598298,0.0,1079.4538091296472
2025-01-15 07:50:00,470.0,269.5942142812511,240,29.594214281251084,0.0,121.44352786235523,0,0.0,OFF,145.96592293748378,-2.184763481412091,20.019740907476148,360.35533633457067,GRID_CONNECTED,True,50.0,1.0,-2.1847634814120624,False,False,1550.977954711636,82.35522119451258,0.0,1079.6446636654296
2025-01-15 07:55:00,475.0,261.40065793287783,240,21.400657932877834,0.0,131.5307804281305,0,0.0,OFF,127.68511402333525,-2.184763481412091,20.019740907476148,360.35533633457067,GRID_CONNECTED,True,50.0,1.0,-2.1847634814121193,False,False,1572.761342872709,93.31611956352346,0.0,1079.6446636654296
2025-01-15 08:00:00,480.0,521.0926486100639,240,281.09264861006386,0.0,141.86250000000004,0,0.0,OFF,377.80880327178113,-1.4213453382826629,20.01284287615269,360.2311717707484,GRID_CONNECTED,True,50.0,1.0,-1.4213453382826629,False,False,1616.185730256881,105.13799456352346,0.0,1079.7688282292518
2025-01-15 08:05:00,485.0,545.6975084772387,240,305.69750847723867,0.0,152.41580676819854,0,0.0,OFF,392.3570146260465,-0.9246870829936142,20.008355212042435,360.1503938167638,GRID_CONNECTED,True,50.0,1.0,-0.9246870829936142,False,False,1661.6605226299841,117.83931179420668,0.0,1079.8496061832363
2025-01-15 08:10:00,490.0,514.5754570142284,240,274.5754570142284,0.0,163.16755711058028,0,0.0,OFF,350.4832128206545,-0.9246870829936142,20.008355212042435,360.1503938167638,GRID_CONNECTED,True,50.0,1.0,-0.9246870829936142,False,False,1704.541810714503,131.43660822008837,0.0,1079.8496061832363
2025-01-15 08:15:00,495.0,514.8494977858298,240,274.84949778582984,0.0,174.09441089671517,0,0.0,OFF,339.830399806121,-0.9246870829936142,20.008355212042435,360.1503938167638,GRID_CONNECTED,True,50.0,1.0,-0.9246870829936142,False,False,1747.445935529989,145.94447579481465,0.0,1079.8496061832363
2025-01-15 08:20:00,500.0,517.378906211603,240,277.37890621160295,0.0,185.17289778669797,0,0.0,OFF,331.2813213419114,-0.9246870829936142,20.008355212042435,360.1503938167638,GRID_CONNECTED,True,50.0,1.0,-0.9246870829936142,False,False,1790.5608443809558,161.3755506103728,0.0,1079.8496061832363
2025-01-15 08:25:00,505.0,545.9624925048143,240,305.96249250481435,0.0,196.3794822320332,0,0.0,OFF,348.98143500572587,-0.601575267055324,20.00543566467854,360.0978419642137,GRID_CONNECTED,True,50.0,1.0,-0.6015752670552956,False,False,1836.057718756357,177.74050746304223,0.0,1079.9021580357864
2025-01-15 08:30:00,510.0,515.1853104437704,240,275.1853104437704,0.0,207.6906269001816,0,0.0,OFF,306.89310827653344,-0.601575267055324,20.00543566467854,360.0978419642137,GRID_CONNECTED,True,50.0,1.0,-0.6015752670554093,False,False,1878.9898279600045,195.04805970472404,0.0,1079.9021580357864
2025-01-15 08:35:00,515.0,506.95410083378636,240,266.95410083378636,0.0,219.08285426030264,0,0.0,OFF,287.26967130642845,-0.601575267055324,20.00543566467854,360.0978419642137,GRID_CONNECTED,True,50.0,1.0,-0.6015752670552956,False,False,1921.2360030294867,213.30496422641593,0.0,1079.9021580357864
2025-01-15 08:40:00,520.0,520.5074439768258,240,280.5074439768258,0.0,230.53280608524827,0,0.0,OFF,289.3730626245223,-0.601575267055324,20.00543566467854,360.0978419642137,GRID_CONNECTED,True,50.0,1.0,-0.6015752670552956,False,False,1964.6116233608889,232.51603140018662,0.0,1079.9021580357864
2025-01-15 08:45:00,525.0,506.5637586696803,240,266.5637586696803,0.0,242.01730064382153,0,0.0,OFF,263.9448827588035,-0.601575267055324,20.00543566467854,360.0978419642137,GRID_CONNECTED,True,50.0,1.0,-0.6015752670552956,False,False,2006.8252699166956,252.68413978717174,0.0,1079.9021580357864
2025-01-15 08:50:00,530.0,499.7649603647585,240,259.7649603647585,0.0,253.51338737755216,0,0.0,OFF,245.64999772015102,-0.601575267055324,20.00543566467854,360.0978419642137,GRID_CONNECTED,True,50.0,1.0,-0.6015752670552956,False,False,2048.472349947092,273.81025540196777,0.0,1079.9021580357864
2025-01-15 08:55:00,535.0,504.6775498133408,240,264.6775498133408,0.0,264.99839887763585,0,0.0,OFF,239.07757566864964,-0.601575267055324,20.00543566467854,360.0978419642137,GRID_CONNECTED,True,50.0,1.0,-0.6015752670553525,False,False,2090.528812431537,295.8934553084374,0.0,1079.9021580357864
2025-01-15 09:00:00,540.0,500.46635715644186,240,260.46635715644186,0.0,276.45000000000005,0,0.0,OFF,223.4147818893865,-0.601575267055324,20.00543566467854,360.0978419642137,GRID_CONNECTED,True,50.0,1.0,-0.6015752670552956,False,False,2132.234342194574,318.93095530843743,0.0,1079.9021580357864
2025-01-15 09:05:00,545.0,510.28737281018664,240,270.28737281018664,0.0,287.84623397959905,0,0.0,OFF,221.83956356353227,-0.601575267055324,20.00543566467854,360.0978419642137,GRID_CONNECTED,True,50.0,1.0,-0.6015752670552956,False,False,2174.758289928756,342.91814147340403,0.0,1079.9021580357864
2025-01-15 09:10:00,550.0,504.0505927776173,240,264.0505927776173,0.0,299.1655654287754,0,0.0,OFF,204.28345208178658,-0.601575267055324,20.00543566467854,360.0978419642137,GRID_CONNECTED,True,50.0,1.0,-0.6015752670553525,False,False,2216.762505993557,367.8486052591353,0.0,1079.9021580357864
2025-01-15 09:15:00,555.0,516.4635039691285,240,276.4635039691285,0.0,310.38692012868444,0,0.0,OFF,205.47500857338875,-0.601575267055324,20.00543566467854,360.0978419642137,GRID_CONNECTED,True,50.0,1.0,-0.6015752670552956,False,False,2259.801131324318,393.7141819365257,0.0,1079.9021580357864
2025-01-15 09:20:00,560.0,522.8567135481059,240,282.85671354810586,0.0,321.4897215471866,0,0.0,OFF,200.76541673386393,-0.601575267055324,20.00543566467854,360.0978419642137,GRID_CONNECTED,True,50.0,1.0,-0.6015752670552956,False,False,2303.372524119993,420.5049920654579,0.0,1079.9021580357864
2025-01-15 09:25:00,565.0,520.7104320983694,240,280.71043209836944,0.0,332.4539240410807,0,0.0,OFF,187.6549327902334,-0.601575267055324,20.00543566467854,360.0978419642137,GRID_CONNECTED,True,50.0,1.0,-0.6015752670552956,False,False,2346.7650601281907,448.20948573554796,0.0,1079.9021580357864
2025-01-15 09:30:00,570.0,525.5271242368665,240,285.5271242368665,0.0,343.26004272488194,0,0.0,OFF,181.66550624492922,-0.601575267055324,20.00543566467854,360.0978419642137,GRID_CONNECTED,True,50.0,1.0,-0.6015752670552956,False,False,2390.5589871479297,476.8144892959548,0.0,1079.9021580357864
2025-01-15 09:35:00,575.0,497.3127725995644,240,257.3127725995644,0.0,353.88918001237164,0,0.0,OFF,142.82201732013746,-0.601575267055324,20.00543566467854,360.0978419642137,GRID_CONNECTED,True,50.0,1.0,-0.6015752670553525,False,False,2432.0017181978933,506.30525429698577,0.0,1079.9021580357864
2025-01-15 09:40:00,580.0,511.3828010599283,240,271.3828010599283,0.0,364.32304886068306,0,0.0,OFF,146.4581769321899,-0.601575267055324,20.00543566467854,360.0978419642137,GRID_CONNECTED,True,50.0,1.0,-0.6015752670552956,False,False,2474.616951619554,536.6655083687093,0.0,1079.9021580357864
2025-01-15 09:45:00,585.0,517.3846935829284,240,277.38469358292843,0.0,374.54399276954916,0,0.0,OFF,142.23912554632395,-0.601575267055324,20.00543566467854,360.0978419642137,GRID_CONNECTED,True,50.0,1.0,-0.6015752670552956,False,False,2517.732342751465,567.8775077661718,0.0,1079.9021580357864
2025-01-15 09:50:00,590.0,496.30060640398034,240,256.30060640398034,0.0,384.53500261035884,0,0.0,OFF,111.16402852656617,-0.601575267055324,20.00543566467854,360.0978419642137,GRID_CONNECTED,True,50.0,1.0,-0.6015752670553525,False,False,2559.090726618463,599.922091317035,0.0,1079.9021580357864
2025-01-15 09:55:00,595.0,523.2855794743944,240,283.28557947439435,0.0,394.2797303807091,0,0.0,OFF,128.61448123683036,-0.3913678568548846,20.003536289725197,360.0636532150536,GRID_CONNECTED,True,50.0,1.0,-0.39136785685491304,False,False,2602.6978582413294,632.7787355154275,0.0,1079.9363467849466
2025-01-15 10:00:00,600.0,515.1753652953797,240,275.1753652953797,0.0,403.76250000000005,0,0.0,OFF,111.02149743852479,-0.3913678568548846,20.003536289725197,360.0636532150536,GRID_CONNECTED,True,50.0,1.0,-0.39136785685491304,False,False,2645.629138682611,666.4256105154275,0.0,1079.9363467849466
2025-01-15 10:05:00,605.0,530.8977942646095,240,290.8977942646095,0.0,412.9683152801968,0,0.0,OFF,117.53811112755781,-0.3913678568548846,20.003536289725197,360.0636532150536,GRID_CONNECTED,True,50.0,1.0,-0.39136785685491304,False,False,2689.8706215379952,700.8396367887772,0.0,1079.9363467849466
2025-01-15 10:10:00,610.0,542.1696154774572,240,302.1696154774572,0.0,421.88286522303315,0,0.0,OFF,119.8953823975692,-0.3913678568548846,20.003536289725197,360.0636532150536,GRID_CONNECTED,True,50.0,1.0,-0.39136785685491304,False,False,2735.0514228277834,735.9965422240299,0.0,1079.9363467849466
2025-01-15 10:15:00,615.0,516.7832443138889,240,276.7832443138889,0.0,430.4925268105047,0,0.0,OFF,85.89934964652926,-0.3913678568548846,20.003536289725197,360.0636532150536,GRID_CONNECTED,True,50.0,1.0,-0.39136785685491304,False,False,2778.116693187274,771.8709194582386,0.0,1079.9363467849466
2025-01-15 10:20:00,620.0,503.1205154676903,240,263.1205154676903,0.0,438.78436546943163,0,0.0,OFF,63.944782141403806,-0.3913678568548846,20.003536289725197,360.0636532150536,GRID_CONNECTED,True,50.0,1.0,-0.39136785685491304,False,False,2820.0434028095815,808.4362832473579,0.0,1079.9363467849466
2025-01-15 10:25:00,625.0,533.0157997970396,240,293.01579979703956,0.0,446.74613340303057,0,0.0,OFF,86.0150535337948,-0.2546128602141948,20.002300610092806,360.04141098167054,GRID_CONNECTED,True,50.0,1.0,-0.254612860214138,False,False,2864.4613861260013,845.6651276976104,0.0,1079.9585890183298
2025-01-15 10:30:00,630.0,496.60206909156915,240,256.60206909156915,0.0,454.3662659927568,0,0.0,OFF,41.981190238598174,-0.2546128602141948,20.002300610092806,360.04141098167054,GRID_CONNECTED,True,50.0,1.0,-0.2546128602141948,False,False,2905.844891883632,883.5289831970068,0.0,1079.9585890183298
2025-01-15 10:35:00,635.0,530.2150613311534,240,290.2150613311534,0.0,461.6338764820823,0,0.0,OFF,68.415540922389,-0.1656439266820655,20.00149671186764,360.02694081361756,GRID_CONNECTED,True,50.0,1.0,-0.1656439266820371,False,False,2950.029480327895,921.998472903847,0.0,1079.973059186383
2025-01-15 10:40:00,640.0,519.3960118976036,240,279.39601189760356,0.0,468.5387491603334,0,0.0,OFF,50.691618810588096,-0.1656439266820655,20.00149671186764,360.02694081361756,GRID_CONNECTED,True,50.0,1.0,-0.1656439266820371,False,False,2993.3124813193617,961.043368667208,0.0,1079.973059186383
2025-01-15 10:45:00,645.0,536.8409864392165,240,296.8409864392165,0.0,475.07133126915363,0,0.0,OFF,61.66189191559269,-0.10776325447019985,20.00097371841571,360.0175269314828,GRID_CONNECTED,True,50.0,1.0,-0.10776325447022828,False,False,3038.0492301892964,1000.6326462729709,0.0,1079.9824730685177
2025-01-15 10:50:00,650.0,519.663161488778,240,279.663161488778,0.0,481.2227238565927,0,0.0,OFF,38.33267437771505,-0.10776325447019985,20.00097371841571,360.0175269314828,GRID_CONNECTED,True,50.0,1.0,-0.10776325447022828,False,False,3081.3544936466947,1040.734539927687,0.0,1079.9824730685177
2025-01-15 10:55:00,655.0,499.01178684583215,240,259.01178684583215,0.0,486.98467180423114,0,0.0,OFF,11.919351787130807,-0.10776325447019985,20.00097371841571,360.0175269314828,GRID_CONNECTED,True,50.0,1.0,-0.10776325447022828,False,False,3122.9388092171807,1081.3165959113728,0.0,1079.9824730685177
2025-01-15 11:00:00,660.0,543.394468610012,240,303.39446861001204,0.0,492.34955325114447,0,0.0,OFF,50.974807632936376,-0.07010772593119441,20.00063347366557,360.01140252598026,GRID_CONNECTED,True,50.0,1.0,-0.07010772593116599,False,False,3168.2216816013483,1122.3457253489682,0.0,1079.9885974740203
2025-01-15 11:05:00,665.0,542.5100014703107,240,302.5100014703107,0.0,497.3103686349223,0,0.0,OFF,45.129525109457205,-0.07010772593119441,20.00063347366557,360.01140252598026,GRID_CONNECTED,True,50.0,1.0,-0.07010772593116599,False,False,3213.430848390541,1163.788256068545,0.0,1079.9885974740203
2025-01-15 11:10:00,670.0,510.1157425290601,240,270.1157425290601,0.0,501.860729564429,0,0.0,OFF,8.18490523869994,-0.07010772593119441,20.00063347366557,360.01140252598026,GRID_CONNECTED,True,50.0,1.0,-0.07010772593122283,False,False,3255.940493601296,1205.6099835322475,0.0,1079.9885974740203
2025-01-15 11:15:00,675.0,515.8007129940602,240,275.8007129940602,0.0,505.9948477315739,0,0.0,OFF,9.735757536555099,-0.07010772593119441,20.00063347366557,360.01140252598026,GRID_CONNECTED,True,50.0,1.0,-0.07010772593116599,False,False,3298.9238863508012,1247.776220843212,0.0,1079.9885974740203
2025-01-15 11:20:00,680.0,528.9662921090174,240,288.96629210901745,0.0,509.7075240601389,0,0.0,OFF,19.188660322947356,-0.07010772593119441,20.00063347366557,360.01140252598026,GRID_CONNECTED,True,50.0,1.0,-0.07010772593116599,False,False,3343.004410693219,1290.2518478482236,0.0,1079.9885974740203
2025-01-15 11:25:00,685.0,538.7392743091128,240,298.73927430911283,0.0,512.9941382787582,0,0.0,OFF,25.67502830442342,-0.07010772593119441,20.00063347366557,360.01140252598026,GRID_CONNECTED,True,50.0,1.0,-0.07010772593116599,False,False,3387.8993502189787,1333.0013593714534,0.0,1079.9885974740203
2025-01-15 11:30:00,690.0,506.5261095269484,240,266.5261095269484,0.0,515.8506390925752,0,0.0,OFF,-9.394637291557984,-0.07010772593119441,20.00063347366557,360.01140252598026,GRID_CONNECTED,True,50.0,1.0,-0.07010772593116599,False,False,3430.1098593462243,1375.988912629168,0.0,1079.9885974740203
2025-01-15 11:35:00,695.0,511.1225395264965,240,271.1225395264965,0.0,518.273535114019,0,0.0,OFF,-7.2211033134536535,-0.07010772593119441,20.00063347366557,360.01140252598026,GRID_CONNECTED,True,50.0,1.0,-0.07010772593122283,False,False,3472.7034043067656,1419.1783738886695,0.0,1079.9885974740203
2025-01-15 11:40:00,700.0,496.28173544609587,240,256.28173544609587,0.0,520.2598866976798,0,0.0,OFF,-24.048258977515133,-0.07010772593119441,20.00063347366557,360.01140252598026,GRID_CONNECTED,True,50.0,1.0,-0.07010772593122283,False,False,3514.0602155939405,1462.5333644468094,0.0,1079.9885974740203
2025-01-15 11:45:00,705.0,503.34846794554386,240,263.34846794554386,0.0,521.8072988075479,0,0.0,OFF,-18.528938587935244,-0.07010772593119441,20.00063347366557,360.01140252598026,GRID_CONNECTED,True,50.0,1.0,-0.07010772593122283,False,False,3556.005921256069,1506.017306014105,0.0,1079.9885974740203
2025-01-15 11:50:00,710.0,534.0691461202509,240,294.06914612025093,0.0,522.9139150270644,0,0.0,OFF,11.10962098926555,-0.04561010392100684,20.000412120052875,360.0074181609518,GRID_CONNECTED,True,50.0,1.0,-0.04561010392103526,False,False,3600.511683432757,1549.593465599694,0.0,1079.9925818390486
2025-01-15 11:55:00,715.0,504.8597985852201,240,264.8597985852201,0.0,523.5784128036711,0,0.0,OFF,-18.764224322371973,-0.04561010392100684,20.000412120052875,360.0074181609518,GRID_CONNECTED,True,50.0,1.0,-0.04561010392103526,False,False,3642.5833333148585,1593.225,0.0,1079.9925818390486
2025-01-15 12:00:00,720.0,540.1334997679364,240,300.1334997679364,0.0,523.8,0,0.0,OFF,16.30382712412947,-0.029672643807003848,20.000268113652094,360.00482604573773,GRID_CONNECTED,True,50.0,1.0,-0.02967264380697543,False,False,3687.59445829552,1636.875,0.0,1079.9951739542626
2025-01-15 12:05:00,725.0,506.9564851148943,240,266.9564851148943,0.0,523.5784128036711,0,0.0,OFF,-16.651600332583797,-0.029672643807003848,20.000268113652094,360.00482604573773,GRID_CONNECTED,True,50.0,1.0,-0.029672643807032273,False,False,3729.8408320550943,1680.506534400306,0.0,1079.9951739542626
2025-01-15 12:10:00,730.0,529.4945131551117,240,289.4945131551117,0.0,522.9139150270644,0,0.0,OFF,6.561293945096537,-0.019304182950776294,20.000174427160093,360.0031396888817,GRID_CONNECTED,True,50.0,1.0,-0.019304182950804716,False,False,3773.9653748180203,1724.0826939858948,0.0,1079.9968603111186
2025-01-15 12:15:00,735.0,524.4209300362908,240,284.42093003629077,0.0,521.8072988075479,0,0.0,OFF,2.5943270457920846,-0.019304182950776294,20.000174427160093,360.0031396888817,GRID_CONNECTED,True,50.0,1.0,-0.019304182950804716,False,False,3817.667118987711,1767.5666355531905,0.0,1079.9968603111186
2025-01-15 12:20:00,740.0,521.6455729671031,240,281.64557296710313,0.0,520.2598866976798,0,0.0,OFF,1.366382086472555,-0.019304182950776294,20.000174427160093,360.0031396888817,GRID_CONNECTED,True,50.0,1.0,-0.019304182950804716,False,False,3861.137583401636,1810.9216261113304,0.0,1079.9968603111186
2025-01-15 12:25:00,745.0,526.5219118397163,240,286.52191183971627,0.0,518.273535114019,0,0.0,OFF,8.229072542746536,-0.019304182950776294,20.000174427160093,360.0031396888817,GRID_CONNECTED,True,50.0,1.0,-0.019304182950804716,False,False,3905.014409388279,1854.111087370832,0.0,1079.9968603111186
2025-01-15 12:30:00,750.0,510.10850572757795,240,270.10850572757795,0.0,515.8506390925752,0,0.0,OFF,-5.76143754794802,-0.019304182950776294,20.000174427160093,360.0031396888817,GRID_CONNECTED,True,50.0,1.0,-0.019304182950804716,False,False,3947.523451532244,1897.0986406285465,0.0,1079.9968603111186
2025-01-15 12:35:00,755.0,524.1192235139735,240,284.11922351397345,0.0,512.9941382787582,0,0.0,OFF,11.112526479688512,-0.012558755526725918,20.00011347737775,360.00204259279946,GRID_CONNECTED,True,50.0,1.0,-0.012558755526697496,False,False,3991.200053491742,1939.8481521517763,0.0,1079.9979574072008
2025-01-15 12:40:00,760.0,545.9992185136348,240,305.9992185136348,0.0,509.7075240601389,0,0.0,OFF,36.28352408229799,-0.008170371197905979,20.000073825172944,360.001328853113,GRID_CONNECTED,True,50.0,1.0,-0.0081703711979344,False,False,4036.699988367878,1982.3237791567879,0.0,1079.9986711468873
2025-01-15 12:45:00,765.0,536.168694491441,240,296.168694491441,0.0,505.9948477315739,0,0.0,OFF,30.165676388669198,-0.008170371197905979,20.000073825172944,360.001328853113,GRID_CONNECTED,True,50.0,1.0,-0.0081703711979344,False,False,4081.380712908832,2024.4900164677524,0.0,1079.9986711468873
2025-01-15 12:50:00,770.0,515.3264851356505,240,275.3264851356505,0.0,501.860729564429,0,0.0,OFF,13.457585200023601,-0.008170371197905979,20.000073825172944,360.001328853113,GRID_CONNECTED,True,50.0,1.0,-0.0081703711979344,False,False,4124.324586670136,2066.3117439314547,0.0,1079.9986711468873
2025-01-15 12:55:00,775.0,513.3824520071026,240,273.38245200710264,0.0,497.3103686349223,0,0.0,OFF,16.06391300098241,-0.008170371197905979,20.000073825172944,360.001328853113,GRID_CONNECTED,True,50.0,1.0,-0.0081703711979344,False,False,4167.106457670729,2107.7542746510317,0.0,1079.9986711468873
2025-01-15 13:00:00,780.0,596.2433176676512,240,356.24331766765124,0.0,492.34955325114447,0,0.0,OFF,103.88844900405482,-0.005315412451949442,20.00004802856982,360.0008645142568,GRID_CONNECTED,True,50.0,1.0,-0.005315412451977863,False,False,4216.793400809699,2148.783404088627,0.0,1079.9991354857434
2025-01-15 13:05:00,785.0,617.2002523201971,240,377.20025232019714,0.0,486.98467180423114,0,0.0,OFF,130.21212245893884,-0.0034580570271600664,20.00003124602933,360.000562428528,GRID_CONNECTED,True,50.0,1.0,-0.0034580570271600664,False,False,4268.226755169715,2189.365460072313,0.0,1079.9994375714723
2025-01-15 13:10:00,790.0,596.8091843944235,240,356.8091843944235,0.0,481.2227238565927,0,0.0,OFF,115.5830024808036,-0.0034580570271600664,20.00003124602933,360.000562428528,GRID_CONNECTED,True,50.0,1.0,-0.0034580570271600664,False,False,4317.96085386925,2229.467353727029,0.0,1079.9994375714723
2025-01-15 13:15:00,795.0,585.7140446897745,240,345.7140446897745,0.0,475.07133126915363,0,0.0,OFF,110.63925536359369,-0.0034580570271600664,20.00003124602933,360.000562428528,GRID_CONNECTED,True,50.0,1.0,-0.0034580570271600664,False,False,4366.770357593398,2269.0566313327918,0.0,1079.9994375714723
2025-01-15 13:20:00,800.0,597.9008906564796,240,357.90089065647965,0.0,468.5387491603334,0,0.0,OFF,129.35989178203448,-0.002249714111769663,20.00002032778308,360.00036590009546,GRID_CONNECTED,True,50.0,1.0,-0.0022497141118265063,False,False,4416.5954318147715,2308.101527096153,0.0,1079.9996340999048
2025-01-15 13:25:00,805.0,612.5809195678869,240,372.5809195678869,0.0,461.6338764820823,0,0.0,OFF,150.94557948542283,-0.0014636003817543042,20.000013224680824,360.00023804425484,GRID_CONNECTED,True,50.0,1.0,-0.0014636003817258825,False,False,4467.643841778762,2346.571016802993,0.0,1079.9997619557455
2025-01-15 13:30:00,810.0,615.0088766012082,240,375.00887660120816,0.0,454.3662659927568,0,0.0,OFF,160.64114700806962,-0.0014636003817543042,20.000013224680824,360.00023804425484,GRID_CONNECTED,True,50.0,1.0,-0.0014636003817258825,False,False,4518.89458149553,2384.4348723023895,0.0,1079.9997619557455
2025-01-15 13:35:00,815.0,616.3447585740258,240,376.34475857402583,0.0,446.74613340303057,0,0.0,OFF,169.5971615706135,-0.0014636003817543042,20.000013224680824,360.00023804425484,GRID_CONNECTED,True,50.0,1.0,-0.0014636003817258825,False,False,4570.256644710032,2421.663716752642,0.0,1079.9997619557455
2025-01-15 13:40:00,820.0,619.609177941049,240,379.609177941049,0.0,438.78436546943163,0,0.0,OFF,180.823860294598,-0.0009521770193430258,20.000008603603366,360.0001548648606,GRID_CONNECTED,True,50.0,1.0,-0.0009521770193714474,False,False,4621.890742871786,2458.229080541761,0.0,1079.9998451351398
2025-01-15 13:45:00,825.0,591.2476513648973,240,351.24765136489725,0.0,430.4925268105047,0,0.0,OFF,160.75417237737318,-0.0009521770193430258,20.000008603603366,360.0001548648606,GRID_CONNECTED,True,50.0,1.0,-0.0009521770193714474,False,False,4671.161380485527,2494.1034577759697,0.0,1079.9998451351398
2025-01-15 13:50:00,830.0,613.8149981613881,240,373.8149981613881,0.0,421.88286522303315,0,0.0,OFF,191.9315134789126,-0.0006194594423334365,20.00000559726105,360.0001007506989,GRID_CONNECTED,True,50.0,1.0,-0.0006194594423050148,False,False,4722.31263033231,2529.2603632112223,0.0,1079.9998992493015
2025-01-15 13:55:00,835.0,619.4623601548918,240,379.4623601548918,0.0,412.9683152801968,0,0.0,OFF,206.49364187189934,-0.00040300279567873076,20.000003641419752,360.0000655455556,GRID_CONNECTED,True,50.0,1.0,-0.00040300279567873076,False,False,4773.934493678551,2563.674389484572,0.0,1079.9999344544449
2025-01-15 14:00:00,840.0,403.76250000000005,240,163.76250000000005,221.90093047520259,403.76250000000005,0,0.0,STARTING,0.0,-0.00040300279567873076,20.000003641419752,360.0000655455556,ISLANDED,False,50.0,1.0,0.0,True,False,4807.581368678551,2597.321264484572,0.0,1079.9999344544449
2025-01-15 14:05:00,845.0,629.6431954974499,240,389.64319549744994,221.90093047520259,394.2797303807091,0,180.0,RUNNING,0.0,-0.00026218222217266884,20.000002369004715,360.0000426420849,ISLANDED,False,49.992618204651095,0.9963091023255508,-55.36346511674083,False,False,4860.051634970006,2630.1779086829647,0.0,1079.9999573579155
2025-01-15 14:10:00,850.0,612.4230797142158,240,372.42307971421576,221.90093047520259,384.53500261035884,0,227.88790653551743,RUNNING,0.0,-0.00026218222217266884,20.000002369004715,360.0000426420849,ISLANDED,False,49.99999997725756,0.9999999886287774,-0.00017056833951301087,False,False,4911.086891612857,2662.222492233828,5.832913556798834,1079.9999573579155
2025-01-15 14:15:00,855.0,612.1908771374982,240,372.1908771374982,221.90093047520259,374.54399276954916,0,237.64671379960956,RUNNING,0.0,-0.00026218222217266884,20.000002369004715,360.0000426420849,ISLANDED,False,49.99999997725756,0.9999999886287774,-0.00017056833951301087,False,False,4962.102798040982,2693.4344916312903,11.879361990932056,1079.9999573579155
2025-01-15 14:20:00,860.0,603.516755278539,240,363.516755278539,221.90093047520259,364.32304886068306,0,239.19353584951645,RUNNING,0.0,-0.00026218222217266884,20.000002369004715,360.0000426420849,ISLANDED,False,49.99999997725756,0.9999999886287774,-0.00017056833951301087,False,False,5012.39586098086,2723.7947457030136,17.959423380326243,1079.9999573579155
2025-01-15 14:25:00,865.0,588.9155306446978,240,348.9155306446978,221.90093047520259,353.88918001237164,0,235.0261800639867,RUNNING,0.0,-0.00026218222217266884,20.000002369004715,360.0000426420849,ISLANDED,False,49.99999997725756,0.9999999886287774,-0.00017056833951301087,False,False,5061.472155201252,2753.2855107040446,23.94878160716691,1079.9999573579155
2025-01-15 14:30:00,870.0,613.601267916686,240,373.60126791668597,221.90093047520259,343.26004272488194,0,270.3410546234645,RUNNING,0.0,-0.00026218222217266884,20.000002369004715,360.0000426420849,ISLANDED,False,49.99999997725756,0.9999999886287774,-0.00017056833951301087,False,False,5112.605594194309,2781.890514264451,30.692440680942266,1079.9999573579155
2025-01-15 14:35:00,875.0,583.058762024503,240,343.05876202450304,221.90093047520259,332.4539240410807,0,250.60466741508284,RUNNING,0.0,-0.00026218222217266884,20.000002369004715,360.0000426420849,ISLANDED,False,49.99999997725756,0.9999999886287774,-0.00017056833951301087,False,False,5161.1938243630175,2809.595007934541,37.018523084821275,1079.9999573579155
2025-01-15 14:40:00,880.0,602.1376699231134,240,362.13766992311344,221.90093047520259,321.4897215471866,0,280.6477778075873,RUNNING,0.0,-0.00026218222217266884,20.000002369004715,360.0000426420849,ISLANDED,False,49.99999997725756,0.9999999886287774,-0.00017056833951301087,False,False,5211.371963523277,2836.3858180634734,43.97635063385353,1079.9999573579155
2025-01-15 14:45:00,885.0,621.1417605423982,240,381.1417605423982,221.90093047520259,310.38692012868444,0,310.7546698453742,RUNNING,0.0,-0.00026218222217266884,20.000002369004715,360.0000426420849,ISLANDED,False,49.99999997725756,0.9999999886287774,-0.00017056833951301087,False,False,5263.133776901811,2862.251394740864,51.545005258497966,1079.9999573579155
2025-01-15 14:50:00,890.0,574.0473939512601,240,334.0473939512601,221.90093047520259,299.1655654287754,0,274.8816579541452,RUNNING,0.0,-0.00026218222217266884,20.000002369004715,360.0000426420849,ISLANDED,False,49.99999997725756,0.9999999886287774,-0.00017056833951301087,False,False,5310.971059731082,2887.181858526595,58.38334058825869,1079.9999573579155
2025-01-15 14:55:00,895.0,574.6931585547433,240,334.69315855474326,221.90093047520259,287.84623397959905,0,286.84675400680476,RUNNING,0.0,-0.00026218222217266884,20.000002369004715,360.0000426420849,ISLANDED,False,49.99999997725756,0.9999999886287774,-0.00017056833951301087,False,False,5358.8621562773105,2911.169044691562,65.46871930166412,1079.9999573579155
2025-01-15 15:00:00,900.0,595.9678361548101,240,355.96783615481013,221.90093047520259,276.45000000000005,0,319.51766558647057,RUNNING,0.0,-0.00026218222217266884,20.000002369004715,360.0000426420849,ISLANDED,False,49.99999997725756,0.9999999886287774,-0.00017056833951301087,False,False,5408.526142623545,2934.2065446915617,73.21114401328362,1079.9999573579155
2025-01-15 15:05:00,905.0,603.0364067360368,240,363.03640673603684,221.90093047520259,264.99839887763585,0,338.0378372900615,RUNNING,0.0,-0.00026218222217266884,20.000002369004715,360.0000426420849,ISLANDED,False,49.99999997725756,0.9999999886287774,-0.00017056833951301087,False,False,5458.779176518215,2956.2897445980316,81.31505843038687,1079.9999573579155
2025-01-15 15:10:00,910.0,582.8066638042499,240,342.80666380424987,221.90093047520259,253.51338737755216,0,329.2931058583582,RUNNING,0.0,-0.00026218222217266884,20.000002369004715,360.0000426420849,ISLANDED,False,49.99999997725756,0.9999999886287774,-0.00017056833951301087,False,False,5507.3463985019025,2977.4158602128277,89.24925190571517,1079.9999573579155
2025-01-15 15:15:00,915.0,575.0971128443298,240,335.0971128443298,221.90093047520259,242.01730064382153,0,333.0796416321688,RUNNING,0.0,-0.00026218222217266884,20.000002369004715,360.0000426420849,ISLANDED,False,49.99999997725756,0.9999999886287774,-0.00017056833951301087,False,False,5555.271157905597,2997.583968599813,97.25714610050828,1079.9999573579155
2025-01-15 15:20:00,920.0,607.4395957884109,240,367.4395957884109,221.90093047520259,230.53280608524827,0,376.90661913482313,RUNNING,0.0,-0.00026218222217266884,20.000002369004715,360.0000426420849,ISLANDED,False,49.99999997725756,0.9999999886287774,-0.00017056833951301087,False,False,5605.891124221298,3016.7950357735835,106.09522588187431,1079.9999573579155
2025-01-15 15:25:00,925.0,571.3631217804432,240,331.3631217804432,221.90093047520259,219.08285426030264,0,352.28009695180106,RUNNING,0.0,-0.00026218222217266884,20.000002369004715,360.0000426420849,ISLANDED,False,49.99999997725756,0.9999999886287774,-0.00017056833951301087,False,False,5653.504717703002,3035.0519402952755,114.47193312093134,1079.9999573579155
2025-01-15 15:30:00,930.0,581.2325801288997,240,341.2325801288997,221.90093047520259,207.6906269001816,0,373.54178266037866,RUNNING,0.0,-0.00026218222217266884,20.000002369004715,360.0000426420849,ISLANDED,False,49.99999997725756,0.9999999886287774,-0.00017056833951301087,False,False,5701.940766047077,3052.359492536957,123.24772915593397,1079.9999573579155
2025-01-15 15:35:00,935.0,612.5641728210414,240,372.56417282104144,221.90093047520259,196.3794822320332,0,416.18452002066874,RUNNING,0.0,-0.00026218222217266884,20.000002369004715,360.0000426420849,ISLANDED,False,49.99999997725756,0.9999999886287774,-0.00017056833951301087,False,False,5752.987780448831,3068.7244493896264,132.7957797402053,1079.9999573579155
2025-01-15 15:40:00,940.0,607.7216684895943,240,367.7216684895943,221.90093047520259,185.17289778669797,0,422.54860013455686,RUNNING,0.0,-0.00026218222217266884,20.000002369004715,360.0000426420849,ISLANDED,False,49.99999997725756,0.9999999886287774,-0.00017056833951301087,False,False,5803.631252822964,3084.1555242051845,142.45598395696712,1079.9999573579155
2025-01-15 15:45:00,945.0,576.7589152939828,240,336.7589152939828,221.90093047520259,174.09441089671517,0,402.6643338289281,RUNNING,0.0,-0.00026218222217266884,20.000002369004715,360.0000426420849,ISLANDED,False,49.99999997725756,0.9999999886287774,-0.00017056833951301087,False,False,5851.694495764129,3098.663391779911,151.7631412914493,1079.9999573579155
2025-01-15 15:50:00,950.0,601.1814689606684,240,361.18146896066844,221.90093047520259,163.16755711058028,0,438.0137412817487,RUNNING,0.0,-0.00026218222217266884,20.000002369004715,360.0000426420849,ISLANDED,False,49.99999997725756,0.9999999886287774,-0.00017056833951301087,False,False,5901.792951510852,3112.2606882057926,161.69264951192596,1079.9999573579155
2025-01-15 15:55:00,955.0,628.0238781838381,240,388.02387818383806,221.90093047520259,152.41580676819854,0,475.6079008473,RUNNING,0.0,-0.00026218222217266884,20.000002369004715,360.0000426420849,ISLANDED,False,49.99999997725756,0.9999999886287774,-0.00017056833951301087,False,False,5954.128274692838,3124.962005436476,172.25828844940605,1079.9999573579155
2025-01-15 16:00:00,960.0,575.0530787195531,240,335.0530787195531,221.90093047520259,141.86250000000004,0,433.19040815121355,RUNNING,0.0,-0.00026218222217266884,20.000002369004715,360.0000426420849,ISLANDED,False,49.99999997725756,0.9999999886287774,-0.00017056833951301087,False,False,6002.049364586134,3136.783880436476,182.10429258480684,1079.9999573579155
2025-01-15 16:05:00,965.0,583.7534951057437,240,343.7534951057437,221.90093047520259,131.53078042813058,0,452.2225441092736,RUNNING,0.0,-0.00026218222217266884,20.000002369004715,360.0000426420849,ISLANDED,False,49.99999997725756,0.9999999886287774,-0.00017056833951301087,False,False,6050.69548917828,3147.744778805487,192.2772634648338,1079.9999573579155
2025-01-15 16:10:00,970.0,581.6901052514256,240,341.6901052514256,221.90093047520259,121.44352786235513,0,460.24640682073095,RUNNING,0.0,-0.00026218222217266884,20.000002369004715,360.0000426420849,ISLANDED,False,49.99999997725756,0.9999999886287774,-0.00017056833951301087,False,False,6099.169664615899,3157.8650727940167,202.58607715059972,1079.9999573579155
2025-01-15 16:15:00,975.0,622.3826476228213,240,382.3826476228213,221.90093047520259,111.62329029573688,0,510.75918675874493,RUNNING,0.0,-0.00026218222217266884,20.000002369004715,360.0000426420849,ISLANDED,False,49.99999997725756,0.9999999886287774,-0.00017056833951301087,False,False,6151.034885251134,3167.1670136519947,213.72386621847005,1079.9999573579155
2025-01-15 16:20:00,980.0,627.282641172383,240,387.282641172383,221.90093047520259,102.09221551562244,0,525.190255088421,RUNNING,0.0,-0.00026218222217266884,20.000002369004715,360.0000426420849,ISLANDED,False,49.99999997725756,0.9999999886287774,-0.00017056833951301087,False,False,6203.3084386821665,3175.6746982782965,225.09049725013702,1079.9999573579155
2025-01-15 16:25:00,985.0,612.8117801958872,240,372.8117801958872,221.90093047520259,92.87198265394771,0,519.9396269736,RUNNING,0.0,-0.00026218222217266884,20.000002369004715,360.0000426420849,ISLANDED,False,49.99999997725756,0.9999999886287774,-0.00017056833951301087,False,False,6254.376087031824,3183.4140301661255,236.37426410381104,1079.9999573579155
2025-01-15 16:30:00,990.0,570.7632985283348,240,330.76329852833476,221.90093047520259,83.98373400724324,0,486.779393952752,RUNNING,0.0,-0.00026218222217266884,20.000002369004715,360.0000426420849,ISLANDED,False,49.99999997725756,0.9999999886287774,-0.00017056833951301087,False,False,6301.939695242519,3190.412674666729,247.12405012174082,1079.9999573579155
2025-01-15 16:35:00,995.0,590.6301617665993,240,350.63016176659926,221.90093047520259,75.44800746093942,0,515.1819837373204,RUNNING,0.0,-0.00026218222217266884,20.000002369004715,360.0000426420849,ISLANDED,False,49.99999997725756,0.9999999886287774,-0.00017056833951301087,False,False,6351.158875389735,3196.7000086218072,258.33234059822394,1079.9999573579155
2025-01-15 16:40:00,1000.0,583.0594092836284,240,343.0594092836284,221.90093047520259,67.28466985461262,0,515.7745688606763,RUNNING,0.0,-0.00026218222217266884,20.000002369004715,360.0000426420849,ISLANDED,False,49.99999997725756,0.9999999886287774,-0.00017056833951301087,False,False,6399.747159496704,3202.307064443025,269.55005242359914,1079.9999573579155
2025-01-15 16:45:00,1005.0,570.6439524749173,240,330.64395247491734,221.90093047520259,59.51285162460471,0,511.1309302819732,RUNNING,0.0,-0.00026218222217266884,20.000002369004715,360.0000426420849,ISLANDED,False,49.99999997725756,0.9999999886287774,-0.00017056833939932403,False,False,6447.300822202947,3207.266468745075,280.6937798143436,1079.9999573579155
2025-01-15 16:50:00,1010.0,600.4575296185211,240,360.4575296185211,221.90093047520259,52.15088305801893,0,548.3064759921626,RUNNING,0.0,-0.00026218222217266884,20.000002369004715,360.0000426420849,ISLANDED,False,49.99999997725756,0.9999999886287774,-0.00017056833951301087,False,False,6497.338949671157,3211.6123756665766,292.4199139969577,1079.9999573579155
2025-01-15 16:55:00,1015.0,570.2263226474624,240,330.22632264746244,221.90093047520259,45.216232487441566,0,525.0099195916814,RUNNING,0.0,-0.00026218222217266884,20.000002369004715,360.0000426420849,ISLANDED,False,49.99999997725756,0.9999999886287774,-0.00017056833951301087,False,False,6544.857809891779,3215.38039504053,303.78370651235423,1079.9999573579155
2025-01-15 17:00:00,1020.0,421.9353570868324,240,181.93535708683243,221.90093047520259,38.72544674885551,0,383.2097397696374,RUNNING,0.0,-0.00026218222217266884,20.000002369004715,360.0000426420849,ISLANDED,False,49.99999997725756,0.9999999886287774,-0.00017056833951301087,False,False,6580.019089649015,3218.6075156029347,312.7378256685586,1079.9999573579155
2025-01-15 17:05:00,1025.0,414.2313903980887,240,174.2313903980887,221.90093047520259,32.694094216169994,0,381.5371256135792,RUNNING,0.0,-0.00026218222217266884,20.000002369004715,360.0000426420849,ISLANDED,False,49.99999997725756,0.9999999886287774,-0.00017056833951301087,False,False,6614.538372182189,3221.332023454282,321.66123231854573,1079.9999573579155
2025-01-15 17:10:00,1030.0,412.1774284886496,240,172.17742848864958,221.90093047520259,27.13671071463175,0,385.0405472056783,RUNNING,0.0,-0.00026218222217266884,20.000002369004715,360.0000426420849,ISLANDED,False,49.99999997725756,0.9999999886287774,-0.00017056833951301087,False,False,6648.88649122291,3223.593416013835,330.64890274355895,1079.9999573579155
2025-01-15 17:15:00,1035.0,423.41690988858613,240,183.41690988858613,221.90093047520259,22.06674860216188,0,401.34999071808477,RUNNING,0.0,-0.00026218222217266884,20.000002369004715,360.0000426420849,ISLANDED,False,49.99999997725756,0.9999999886287774,-0.00017056833951301087,False,False,6684.171233713626,3225.4323117306817,339.93244917600646,1079.9999573579155
2025-01-15 17:20:00,1040.0,435.9188226122754,240,195.9188226122754,221.90093047520259,17.496529292480083,0,418.42212275145584,RUNNING,0.0,-0.00026218222217266884,20.000002369004715,360.0000426420849,ISLANDED,False,49.99999997725756,0.9999999886287774,-0.00017056833945616745,False,False,6720.497802264649,3226.8903558383886,349.52002232335917,1079.9999573579155
2025-01-15 17:25:00,1045.0,420.9139918898292,240,180.91399188982922,221.90093047520259,13.437199476836893,0,407.47662184465287,RUNNING,0.0,-0.00026218222217266884,20.000002369004715,360.0000426420849,ISLANDED,False,49.99999997725756,0.9999999886287774,-0.00017056833945616745,False,False,6755.573968255469,3228.010122461458,358.9133347300962,1079.9999573579155
2025-01-15 17:30:00,1050.0,437.5118023484055,240,197.51180234840552,221.90093047520259,9.898691282361241,0,427.6129404977048,RUNNING,0.0,-0.00026218222217266884,20.000002369004715,360.0000426420849,ISLANDED,False,49.99999997725756,0.9999999886287774,-0.00017056833945616745,False,False,6792.0332851178355,3228.835013401655,368.66222929046137,1079.9999573579155
2025-01-15 17:35:00,1055.0,440.940797189526,240,200.940797189526,221.90093047520259,6.88968658459787,0,434.0509400365886,RUNNING,0.0,-0.00026218222217266884,20.000002369004715,360.0000426420849,ISLANDED,False,49.99999997725756,0.9999999886287774,-0.00017056833951301087,False,False,6828.778351550296,3229.4091539503715,378.5231635971699,1079.9999573579155
2025-01-15 17:40:00,1060.0,401.79944579182575,240,161.79944579182575,221.90093047520259,4.4175856698852,0,397.38168955360106,RUNNING,0.0,-0.00026218222217266884,20.000002369004715,360.0000426420849,ISLANDED,False,49.99999997725756,0.9999999886287774,-0.00017056833945616745,False,False,6862.261638699615,3229.777286089529,387.7352138223944,1079.9999573579155
2025-01-15 17:45:00,1065.0,403.7187207279323,240,163.7187207279323,221.90093047520259,2.48848041994608,0,401.23006973964675,RUNNING,0.0,-0.00026218222217266884,20.000002369004715,360.0000426420849,ISLANDED,False,49.99999997725756,0.9999999886287774,-0.00017056833945616745,False,False,6895.904865426943,3229.9846594578576,397.01660427514304,1079.9999573579155
2025-01-15 17:50:00,1070.0,411.6659176223938,240,171.6659176223938,221.90093047520259,1.1071321666080542,0,410.5586148874463,RUNNING,0.0,-0.00026218222217266884,20.000002369004715,360.0000426420849,ISLANDED,False,49.99999997725756,0.9999999886287774,-0.00017056833945616745,False,False,6930.210358562143,3230.0769204717417,406.4648534580103,1079.9999573579155
2025-01-15 17:55:00,1075.0,415.75498402288406,240,175.75498402288406,221.90093047520259,0.2769543390939985,0,415.47785911545054,RUNNING,0.0,-0.00026218222217266884,20.000002369004715,360.0000426420849,ISLANDED,False,49.99999997725756,0.9999999886287774,-0.00017056833951301087,False,False,6964.856607230717,3230.0999999999995,416.000402116025,1079.9999573579155
2025-01-15 18:00:00,1080.0,434.2226255146178,240,194.2226255146178,221.90093047520259,2.1821504837730025e-30,0,434.2224549462783,RUNNING,0.0,-0.00026218222217266884,20.000002369004715,360.0000426420849,ISLANDED,False,49.99999997725756,0.9999999886287774,-0.00017056833951301087,False,False,7001.041826023601,3230.0999999999995,425.8643105207218,1079.9999573579155
2025-01-15 18:05:00,1085.0,436.3968569833205,240,196.3968569833205,221.90093047520259,0.0,0,436.396686414981,RUNNING,0.0,-0.00026218222217266884,20.000002369004715,360.0000426420849,ISLANDED,False,49.99999997725756,0.9999999886287774,-0.00017056833951301087,False,False,7037.408230772211,3230.0999999999995,435.76587231388106,1079.9999573579155
2025-01-15 18:10:00,1090.0,403.0129393075521,240,163.01293930755207,221.90093047520259,0.0,0,403.01276873921256,RUNNING,0.0,-0.00026218222217266884,20.000002369004715,360.0000426420849,ISLANDED,False,49.99999997725756,0.9999999886287774,-0.00017056833951301087,False,False,7070.992642381174,3230.0999999999995,445.0792831718693,1079.9999573579155
2025-01-15 18:15:00,1095.0,421.66588210953773,240,181.66588210953773,221.90093047520259,0.0,0,421.6657115411982,RUNNING,0.0,-0.00026218222217266884,20.000002369004715,360.0000426420849,ISLANDED,False,49.99999997725756,0.9999999886287774,-0.00017056833951301087,False,False,7106.131465890302,3230.0999999999995,454.7239751349658,1079.9999573579155
2025-01-15 18:20:00,1100.0,435.4798378237169,240,195.47983782371688,221.90093047520259,0.0,0,435.4796672553774,RUNNING,0.0,-0.00026218222217266884,20.000002369004715,360.0000426420849,ISLANDED,False,49.99999997725756,0.9999999886287774,-0.00017056833945616745,False,False,7142.421452375612,3230.0999999999995,464.60966684778833,1079.9999573579155
2025-01-15 18:25:00,1105.0,440.92062551616146,240,200.92062551616146,221.90093047520259,0.0,0,440.920454947822,RUNNING,0.0,-0.00026218222217266884,20.000002369004715,360.0000426420849,ISLANDED,False,49.99999997725756,0.9999999886287774,-0.00017056833945616745,False,False,7179.164837835292,3230.0999999999995,474.5892863220837,1079.9999573579155
2025-01-15 18:30:00,1110.0,428.81272425256907,240,188.81272425256907,221.90093047520259,0.0,0,428.81255368422956,RUNNING,0.0,-0.00026218222217266884,20.000002369004715,360.0000426420849,ISLANDED,False,49.99999997725756,0.9999999886287774,-0.00017056833951301087,False,False,7214.899231523006,3230.0999999999995,484.35911740775106,1079.9999573579155
2025-01-15 18:35:00,1115.0,416.43126757389723,240,176.43126757389723,221.90093047520259,0.0,0,416.4310970055577,RUNNING,0.0,-0.00026218222217266884,20.000002369004715,360.0000426420849,ISLANDED,False,49.99999997725756,0.9999999886287774,-0.00017056833951301087,False,False,7249.601837154164,3230.0999999999995,493.9115280316217,1079.9999573579155
2025-01-15 18:40:00,1120.0,405.9409742742037,240,165.9409742742037,221.90093047520259,0.0,0,405.94080370586425,RUNNING,0.0,-0.00026218222217266884,20.000002369004715,360.0000426420849,ISLANDED,False,49.99999997725756,0.9999999886287774,-0.00017056833945616745,False,False,7283.430251677014,3230.0999999999995,503.2773943544283,1079.9999573579155
2025-01-15 18:45:00,1125.0,438.159687446848,240,198.159687446848,221.90093047520259,0.0,0,438.1595168785085,RUNNING,0.0,-0.00026218222217266884,20.000002369004715,360.0000426420849,ISLANDED,False,49.99999997725756,0.9999999886287774,-0.00017056833951301087,False,False,7319.943558964252,3230.0999999999995,513.2094194964069,1079.9999573579155
2025-01-15 18:50:00,1130.0,426.7197281600111,240,186.71972816001107,221.90093047520259,0.0,0,426.71955759167156,RUNNING,0.0,-0.00026218222217266884,20.000002369004715,360.0000426420849,ISLANDED,False,49.99999997725756,0.9999999886287774,-0.00017056833951301087,False,False,7355.503536310919,3230.0999999999995,522.9427042211627,1079.9999573579155
2025-01-15 18:55:00,1135.0,427.57535037020835,240,187.57535037020835,221.90093047520259,0.0,0,427.5751798018689,RUNNING,0.0,-0.00026218222217266884,20.000002369004715,360.0000426420849,ISLANDED,False,49.99999997725756,0.9999999886287774,-0.00017056833945616745,False,False,7391.134815508436,3230.0999999999995,532.6909393080913,1079.9999573579155
2025-01-15 19:00:00,1140.0,401.06829998500143,240,161.06829998500143,221.90093047520259,0.0,0,401.0681294166619,RUNNING,0.0,-0.00026218222217266884,20.000002369004715,360.0000426420849,ISLANDED,False,49.99999997725756,0.9999999886287774,-0.00017056833951301087,False,False,7424.55717384052,3230.0999999999995,541.9694178875995,1079.9999573579155
2025-01-15 19:05:00,1145.0,404.99052555625724,240,164.99052555625724,221.90093047520259,0.0,0,404.9903549879177,RUNNING,0.0,-0.00026218222217266884,20.000002369004715,360.0000426420849,ISLANDED,False,49.99999997725756,0.9999999886287774,-0.00017056833951301087,False,False,7458.306384303542,3230.0999999999995,551.3182756683989,1079.9999573579155
2025-01-15 19:10:00,1150.0,415.40323600817555,240,175.40323600817555,221.90093047520259,0.0,0,415.40306543983604,RUNNING,0.0,-0.00026218222217266884,20.000002369004715,360.0000426420849,ISLANDED,False,49.99999997725756,0.9999999886287774,-0.00017056833951301087,False,False,7492.923320637557,3230.0999999999995,560.8525005408239,1079.9999573579155
2025-01-15 19:15:00,1155.0,432.6767057210263,240,192.67670572102628,221.90093047520259,0.0,0,432.6765351526868,RUNNING,0.0,-0.00026218222217266884,20.000002369004715,360.0000426420849,ISLANDED,False,49.99999997725756,0.9999999886287774,-0.00017056833945616745,False,False,7528.979712780975,3230.0999999999995,570.6895823274324,1079.9999573579155
2025-01-15 19:20:00,1160.0,411.4177260731302,240,171.4177260731302,221.90093047520259,0.0,0,411.4175555047907,RUNNING,0.0,-0.00026218222217266884,20.000002369004715,360.0000426420849,ISLANDED,False,49.99999997725756,0.9999999886287774,-0.00017056833951301087,False,False,7563.264523287069,3230.0999999999995,580.1531088864735,1079.9999573579155
2025-01-15 19:25:00,1165.0,440.15649061546384,240,200.15649061546384,221.90093047520259,0.0,0,440.1563200471244,RUNNING,0.0,-0.00026218222217266884,20.000002369004715,360.0000426420849,ISLANDED,False,49.99999997725756,0.9999999886287774,-0.00017056833945616745,False,False,7599.944230838358,3230.0999999999995,590.1195701424176,1079.9999573579155
2025-01-15 19:30:00,1170.0,435.26007258521616,240,195.26007258521616,221.90093047520259,0.0,0,435.2599020168767,RUNNING,0.0,-0.00026218222217266884,20.000002369004715,360.0000426420849,ISLANDED,False,49.99999997725756,0.9999999886287774,-0.00017056833945616745,False,False,7636.2159035537925,3230.0999999999995,600.0014562070413,1079.9999573579155
2025-01-15 19:35:00,1175.0,414.52694208786806,240,174.52694208786806,221.90093047520259,0.0,0,414.52677151952855,RUNNING,0.0,-0.00026218222217266884,20.000002369004715,360.0000426420849,ISLANDED,False,49.99999997725756,0.9999999886287774,-0.00017056833951301087,False,False,7670.759815394448,3230.0999999999995,609.5201632795469,1079.9999573579155
2025-01-15 19:40:00,1180.0,429.98438599306064,240,189.98438599306064,221.90093047520259,0.0,0,429.9842154247211,RUNNING,0.0,-0.00026218222217266884,20.000002369004715,360.0000426420849,ISLANDED,False,49.99999997725756,0.9999999886287774,-0.00017056833951301087,False,False,7706.591847560537,3230.0999999999995,619.3104165642573,1079.9999573579155
2025-01-15 19:45:00,1185.0,407.0682882241074,240,167.0682882241074,221.90093047520259,0.0,0,407.0681176557679,RUNNING,0.0,-0.00026218222217266884,20.000002369004715,360.0000426420849,ISLANDED,False,49.99999997725756,0.9999999886287774,-0.00017056833951301087,False,False,7740.514204912546,3230.0999999999995,628.6964332856376,1079.9999573579155
2025-01-15 19:50:00,1190.0,433.2287626522278,240,193.22876265222777,221.90093047520259,0.0,0,433.2285920838883,RUNNING,0.0,-0.00026218222217266884,20.000002369004715,360.0000426420849,ISLANDED,False,49.99999997725756,0.9999999886287774,-0.00017056833945616745,False,False,7776.616601800231,3230.0999999999995,638.5431002069239,1079.9999573579155
2025-01-15 19:55:00,1195.0,402.58935023725786,240,162.58935023725786,221.90093047520259,0.0,0,402.5891796689184,RUNNING,0.0,-0.00026218222217266884,20.000002369004715,360.0000426420849,ISLANDED,False,49.99999997725756,0.9999999886287774,-0.00017056833945616745,False,False,7810.165714320003,3230.0999999999995,647.8489083977578,1079.9999573579155
2025-01-15 20:00:00,1200.0,418.22734492293927,240,178.22734492293927,221.90093047520259,0.0,0,418.2271743545998,RUNNING,0.0,-0.00026218222217266884,20.000002369004715,360.0000426420849,ISLANDED,True,49.99999997725756,0.9999999886287774,-0.00017056833945616745,False,False,7845.017993063581,3230.0999999999995,657.4330420585918,1079.9999573579155
2025-01-15 20:05:00,1205.0,433.8853004642045,240,193.88530046420448,221.90093047520259,0.0,0,433.885129895865,RUNNING,0.0,-0.00026218222217266884,20.000002369004715,360.0000426420849,ISLANDED,True,49.99999997725756,0.9999999886287774,-0.00017056833945616745,False,False,7881.175101435599,3230.0999999999995,667.2911006601254,1079.9999573579155
2025-01-15 20:10:00,1210.0,436.6821176902449,240,196.68211769024492,221.90093047520259,0.0,0,436.6819471219054,RUNNING,0.0,-0.00026218222217266884,20.000002369004715,360.0000426420849,ISLANDED,True,49.99999997725756,0.9999999886287774,-0.00017056833951301087,False,False,7917.565277909785,3230.0999999999995,677.1975959891568,1079.9999573579155
2025-01-15 20:15:00,1215.0,411.69707259742444,240,171.69707259742444,221.90093047520259,0.0,0,411.696902029085,RUNNING,0.0,-0.00026218222217266884,20.000002369004715,360.0000426420849,ISLANDED,True,49.99999997725756,0.9999999886287774,-0.00017056833945616745,False,False,7951.873367292904,3230.0999999999995,686.6660879677725,1079.9999573579155
2025-01-15 20:20:00,1220.0,433.7549741540196,240,193.75497415401958,221.90093047520259,0.0,0,433.75480358568007,RUNNING,0.0,-0.00026218222217266884,20.000002369004715,360.0000426420849,ISLANDED,True,49.99999997725756,0.9999999886287774,-0.00017056833951301087,False,False,7988.019615139072,3230.0999999999995,696.5218859080043,1079.9999573579155
2025-01-15 20:25:00,1225.0,420.58158675261,240,180.58158675261,221.90093047520259,0.0,0,420.58141618427055,RUNNING,0.0,-0.00026218222217266884,20.000002369004715,360.0000426420849,ISLANDED,True,49.99999997725756,0.9999999886287774,-0.00017056833945616745,False,False,8023.06808070179,3230.0999999999995,706.1475063381378,1079.9999573579155
2025-01-15 20:30:00,1230.0,426.7653005424059,240,186.7653005424059,221.90093047520259,0.0,0,426.76512997406644,RUNNING,0.0,-0.00026218222217266884,20.000002369004715,360.0000426420849,ISLANDED,True,49.99999997725756,0.9999999886287774,-0.00017056833945616745,False,False,8058.63185574699,3230.0999999999995,715.8815877062436,1079.9999573579155
2025-01-15 20:35:00,1235.0,419.0490671301755,240,179.0490671301755,221.90093047520259,0.0,0,419.04889656183605,RUNNING,0.0,-0.00026218222217266884,20.000002369004715,360.0000426420849,ISLANDED,True,49.99999997725756,0.9999999886287774,-0.00017056833945616745,False,False,8093.5526113411715,3230.0999999999995,725.4802140670183,1079.9999573579155
2025-01-15 20:40:00,1240.0,416.2109054254311,240,176.21090542543112,221.90093047520259,0.0,0,416.21073485709167,RUNNING,0.0,-0.00026218222217266884,20.000002369004715,360.0000426420849,ISLANDED,True,49.99999997725756,0.9999999886287774,-0.00017056833945616745,False,False,8128.236853459957,3230.0999999999995,735.0287282452166,1079.9999573579155
2025-01-15 20:45:00,1245.0,437.48998579887444,240,197.48998579887444,221.90093047520259,0.0,0,437.489815230535,RUNNING,0.0,-0.00026218222217266884,20.000002369004715,360.0000426420849,ISLANDED,True,49.99999997725756,0.9999999886287774,-0.00017056833945616745,False,False,8164.6943522765305,3230.0999999999995,744.9491872051403,1079.9999573579155
2025-01-15 20:50:00,1250.0,429.656861342281,240,189.656861342281,221.90093047520259,0.0,0,429.6566907739415,RUNNING,0.0,-0.00026218222217266884,20.000002369004715,360.0000426420849,ISLANDED,True,49.99999997725756,0.9999999886287774,-0.00017056833951301087,False,False,8200.49909072172,3230.0999999999995,754.7337343313054,1079.9999573579155
2025-01-15 20:55:00,1255.0,419.75557099421036,240,179.75557099421036,221.90093047520259,0.0,0,419.7554004258709,RUNNING,0.0,-0.00026218222217266884,20.000002369004715,360.0000426420849,ISLANDED,True,49.99999997725756,0.9999999886287774,-0.00017056833945616745,False,False,8235.478721637905,3230.0999999999995,764.3448108237751,1079.9999573579155
2025-01-15 21:00:00,1260.0,422.4045950671954,240,182.40459506719537,221.90093047520259,0.0,0,422.40442449885586,RUNNING,0.0,-0.00026218222217266884,20.000002369004715,360.0000426420849,ISLANDED,True,49.99999997725756,0.9999999886287774,-0.00017056833951301087,False,False,8270.679104560171,3230.0999999999995,774.0024829175854,1079.9999573579155
2025-01-15 21:05:00,1265.0,416.6007296089093,240,176.60072960890932,221.90093047520259,0.0,0,416.6005590405698,RUNNING,0.0,-0.00026218222217266884,20.000002369004715,360.0000426420849,ISLANDED,True,49.99999997725756,0.9999999886287774,-0.00017056833951301087,False,False,8305.39583202758,3230.0999999999995,783.5578893278191,1079.9999573579155
2025-01-15 21:10:00,1270.0,425.93472634065455,240,185.93472634065455,221.90093047520259,0.0,0,425.9345557723151,RUNNING,0.0,-0.00026218222217266884,20.000002369004715,360.0000426420849,ISLANDED,True,49.99999997725756,0.9999999886287774,-0.00017056833945616745,False,False,8340.890392555968,3230.0999999999995,793.277445322351,1079.9999573579155
2025-01-15 21:15:00,1275.0,430.9495574419443,240,190.9495574419443,221.90093047520259,0.0,0,430.9493868736048,RUNNING,0.0,-0.00026218222217266884,20.000002369004715,360.0000426420849,ISLANDED,True,49.99999997725756,0.9999999886287774,-0.00017056833951301087,False,False,8376.80285567613,3230.0999999999995,803.0845020229885,1079.9999573579155
2025-01-15 21:20:00,1280.0,399.81346512662014,240,159.81346512662014,221.90093047520259,0.0,0,399.81329455828063,RUNNING,0.0,-0.00026218222217266884,20.000002369004715,360.0000426420849,ISLANDED,True,49.99999997725756,0.9999999886287774,-0.00017056833951301087,False,False,8410.120644436682,3230.0999999999995,812.3403994672566,1079.9999573579155
2025-01-15 21:25:00,1285.0,433.8773196665266,240,193.8773196665266,221.90093047520259,0.0,0,433.87714909818715,RUNNING,0.0,-0.00026218222217266884,20.000002369004715,360.0000426420849,ISLANDED,True,49.99999997725756,0.9999999886287774,-0.00017056833945616745,False,False,8446.277087742226,3230.0999999999995,822.1983196418156,1079.9999573579155
2025-01-15 21:30:00,1290.0,416.90891312741576,240,176.90891312741576,221.90093047520259,0.0,0,416.90874255907625,RUNNING,0.0,-0.00026218222217266884,20.000002369004715,360.0000426420849,ISLANDED,True,49.99999997725756,0.9999999886287774,-0.00017056833951301087,False,False,8481.019497169511,3230.0999999999995,831.7591727544277,1079.9999573579155
2025-01-15 21:35:00,1295.0,417.24116690994225,240,177.24116690994225,221.90093047520259,0.0,0,417.2409963416028,RUNNING,0.0,-0.00026218222217266884,20.000002369004715,360.0000426420849,ISLANDED,True,49.99999997725756,0.9999999886287774,-0.00017056833945616745,False,False,8515.789594412006,3230.0999999999995,841.325895907401,1079.9999573579155
2025-01-15 21:40:00,1300.0,421.3221678139459,240,181.3221678139459,221.90093047520259,0.0,0,421.32199724560644,RUNNING,0.0,-0.00026218222217266884,20.000002369004715,360.0000426420849,ISLANDED,True,49.99999997725756,0.9999999886287774,-0.00017056833945616745,False,False,8550.899775063168,3230.0999999999995,850.9645447817437,1079.9999573579155
2025-01-15 21:45:00,1305.0,403.4514187612916,240,163.45141876129162,221.90093047520259,0.0,0,403.4512481929521,RUNNING,0.0,-0.00026218222217266884,20.000002369004715,360.0000426420849,ISLANDED,True,49.99999997725756,0.9999999886287774,-0.00017056833951301087,False,False,8584.52072662661,3230.0999999999995,860.285821800765,1079.9999573579155
2025-01-15 21:50:00,1310.0,423.9693811516488,240,183.9693811516488,221.90093047520259,0.0,0,423.9692105833093,RUNNING,0.0,-0.00026218222217266884,20.000002369004715,360.0000426420849,ISLANDED,True,49.99999997725756,0.9999999886287774,-0.00017056833951301087,False,False,8619.851508389247,3230.0999999999995,869.9709544618888,1079.9999573579155
2025-01-15 21:55:00,1315.0,418.28976903306494,240,178.28976903306494,221.90093047520259,0.0,0,418.2895984647255,RUNNING,0.0,-0.00026218222217266884,20.000002369004715,360.0000426420849,ISLANDED,True,49.99999997725756,0.9999999886287774,-0.00017056833945616745,False,False,8654.708989142002,3230.0999999999995,879.5561895553963,1079.9999573579155
2025-01-15 22:00:00,1320.0,237.847539122657,240,0.0,221.90093047520259,0.0,0,237.8473685543175,RUNNING,0.0,-0.00026218222217266884,20.000002369004715,360.0000426420849,ISLANDED,True,49.99999997725756,0.9999999886287774,-0.00017056833948458916,False,False,8674.529617402224,3230.0999999999995,885.6070018675618,1079.9999573579155
2025-01-15 22:05:00,1325.0,234.6748668584959,240,0.0,221.90093047520259,0.0,0,234.67469629015642,RUNNING,0.0,-0.00026218222217266884,20.000002369004715,360.0000426420849,ISLANDED,True,49.99999997725756,0.9999999886287774,-0.00017056833948458916,False,False,8694.0858563071,3230.0999999999995,891.5886888463928,1079.9999573579155
2025-01-15 22:10:00,1330.0,230.7639140794667,240,0.0,221.90093047520259,0.0,0,230.76374351112722,RUNNING,0.0,-0.00026218222217266884,20.000002369004715,360.0000426420849,ISLANDED,True,49.99999997725756,0.9999999886287774,-0.00017056833948458916,False,False,8713.316182480388,3230.0999999999995,897.4847948997002,1079.9999573579155
2025-01-15 22:15:00,1335.0,246.6894754127004,240,6.6894754127004035,221.90093047520259,0.0,0,246.68930484436092,RUNNING,0.0,-0.00026218222217266884,20.000002369004715,360.0000426420849,ISLANDED,True,49.99999997725756,0.9999999886287774,-0.00017056833948458916,False,False,8733.87363876478,3230.0999999999995,903.7268473651792,1079.9999573579155
2025-01-15 22:20:00,1340.0,239.38766557566808,240,0.0,221.90093047520259,0.0,0,239.3874950073286,RUNNING,0.0,-0.00026218222217266884,20.000002369004715,360.0000426420849,ISLANDED,True,49.99999997725756,0.9999999886287774,-0.00017056833948458916,False,False,8753.822610896086,3230.0999999999995,909.8111190758123,1079.9999573579155
2025-01-15 22:25:00,1345.0,245.44123227484087,240,5.441232274840871,221.90093047520259,0.0,0,245.4410617065014,RUNNING,0.0,-0.00026218222217266884,20.000002369004715,360.0000426420849,ISLANDED,True,49.99999997725756,0.9999999886287774,-0.00017056833948458916,False,False,8774.276046918989,3230.0999999999995,916.0262981803323,1079.9999573579155
2025-01-15 22:30:00,1350.0,248.0227929341391,240,8.02279293413909,221.90093047520259,0.0,0,248.0226223657996,RUNNING,0.0,-0.00026218222217266884,20.000002369004715,360.0000426420849,ISLANDED,True,49.99999997725756,0.9999999886287774,-0.00017056833948458916,False,False,8794.944612996835,3230.0999999999995,922.2970106036079,1079.9999573579155
2025-01-15 22:35:00,1355.0,228.55409787246379,240,0.0,221.90093047520259,0.0,0,228.5539273041243,RUNNING,0.0,-0.00026218222217266884,20.000002369004715,360.0000426420849,ISLANDED,True,49.99999997725756,0.9999999886287774,-0.00017056833948458916,False,False,8813.990787819539,3230.0999999999995,928.1445788939026,1079.9999573579155
2025-01-15 22:40:00,1360.0,245.27469344558858,240,5.274693445588582,221.90093047520259,0.0,0,245.2745228772491,RUNNING,0.0,-0.00026218222217266884,20.000002369004715,360.0000426420849,ISLANDED,True,49.99999997725756,0.9999999886287774,-0.00017056833948458916,False,False,8834.430345606672,3230.0999999999995,934.356169509601,1079.9999573579155
2025-01-15 22:45:00,1365.0,228.25590967827148,240,0.0,221.90093047520259,0.0,0,228.255739109932,RUNNING,0.0,-0.00026218222217266884,20.000002369004715,360.0000426420849,ISLANDED,True,49.99999997725756,0.9999999886287774,-0.00017056833948458916,False,False,8853.451671413195,3230.0999999999995,940.1971781225639,1079.9999573579155
2025-01-15 22:50:00,1370.0,243.50157729649024,240,3.5015772964902396,221.90093047520259,0.0,0,243.50140672815076,RUNNING,0.0,-0.00026218222217266884,20.000002369004715,360.0000426420849,ISLANDED,True,49.99999997725756,0.9999999886287774,-0.00017056833948458916,False,False,8873.743469521236,3230.0999999999995,946.3705174975538,1079.9999573579155
2025-01-15 22:55:00,1375.0,241.28518033692254,240,1.2851803369225365,221.90093047520259,0.0,0,241.28500976858305,RUNNING,0.0,-0.00026218222217266884,20.000002369004715,360.0000426420849,ISLANDED,True,49.99999997725756,0.9999999886287774,-0.00017056833948458916,False,False,8893.850567882646,3230.0999999999995,952.4959265604858,1079.9999573579155
2025-01-15 23:00:00,1380.0,247.48121603451509,240,7.481216034515086,221.90093047520259,0.0,0,247.4810454661756,RUNNING,0.0,-0.00026218222217266884,20.000002369004715,360.0000426420849,ISLANDED,True,49.99999997725756,0.9999999886287774,-0.00017056833948458916,False,False,8914.47400255219,3230.0999999999995,958.7550032619355,1079.9999573579155
2025-01-15 23:05:00,1385.0,240.59788970355663,240,0.597889703556632,221.90093047520259,0.0,0,240.59771913521715,RUNNING,0.0,-0.00026218222217266884,20.000002369004715,360.0000426420849,ISLANDED,True,49.99999997725756,0.9999999886287774,-0.00017056833948458916,False,False,8934.523826694152,3230.0999999999995,964.8655231334684,1079.9999573579155
2025-01-15 23:10:00,1390.0,242.7373620672135,240,2.737362067213496,221.90093047520259,0.0,0,242.737191498874,RUNNING,0.0,-0.00026218222217266884,20.000002369004715,360.0000426420849,ISLANDED,True,49.99999997725756,0.9999999886287774,-0.00017056833948458916,False,False,8954.751940199754,3230.0999999999995,971.0223507125397,1079.9999573579155
2025-01-15 23:15:00,1395.0,234.54994257590474,240,0.0,221.90093047520259,0.0,0,234.54977200756525,RUNNING,0.0,-0.00026218222217266884,20.000002369004715,360.0000426420849,ISLANDED,True,49.99999997725756,0.9999999886287774,-0.00017056833948458916,False,False,8974.297768747747,3230.0999999999995,977.0013103834824,1079.9999573579155
2025-01-15 23:20:00,1400.0,239.8414825676115,240,0.0,221.90093047520259,0.0,0,239.84131199927202,RUNNING,0.0,-0.00026218222217266884,20.000002369004715,360.0000426420849,ISLANDED,True,49.99999997725756,0.9999999886287774,-0.00017056833948458916,False,False,8994.284558961714,3230.0999999999995,983.0954293246535,1079.9999573579155
2025-01-15 23:25:00,1405.0,240.22078279439884,240,0.2207827943988434,221.90093047520259,0.0,0,240.22061222605936,RUNNING,0.0,-0.00026218222217266884,20.000002369004715,360.0000426420849,ISLANDED,True,49.99999997725756,0.9999999886287774,-0.00017056833948458916,False,False,9014.302957527914,3230.0999999999995,989.1977744003575,1079.9999573579155
2025-01-15 23:30:00,1410.0,237.0452065812493,240,0.0,221.90093047520259,0.0,0,237.0450360129098,RUNNING,0.0,-0.00026218222217266884,20.000002369004715,360.0000426420849,ISLANDED,True,49.99999997725756,0.9999999886287774,-0.00017056833948458916,False,False,9034.056724743019,3230.0999999999995,995.2311310174689,1079.9999573579155
2025-01-15 23:35:00,1415.0,234.86720776709447,240,0.0,221.90093047520259,0.0,0,234.86703719875499,RUNNING,0.0,-0.00026218222217266884,20.000002369004715,360.0000426420849,ISLANDED,True,49.99999997725756,0.9999999886287774,-0.00017056833948458916,False,False,9053.628992056943,3230.0999999999995,1001.2170163080036,1079.9999573579155
2025-01-15 23:40:00,1420.0,230.19401844924735,240,0.0,221.90093047520259,0.0,0,230.19384788090787,RUNNING,0.0,-0.00026218222217266884,20.000002369004715,360.0000426420849,ISLANDED,True,49.99999997725756,0.9999999886287774,-0.00017056833948458916,False,False,9072.811826927715,3230.0999999999995,1007.1006174152211,1079.9999573579155
2025-01-15 23:45:00,1425.0,243.41012012035438,240,3.410120120354378,221.90093047520259,0.0,0,243.4099495520149,RUNNING,0.0,-0.00026218222217266884,20.000002369004715,360.0000426420849,ISLANDED,True,49.99999997725756,0.9999999886287774,-0.00017056833948458916,False,False,9093.09600360441,3230.0999999999995,1013.2719815560422,1079.9999573579155
2025-01-15 23:50:00,1430.0,238.12257315212202,240,0.0,221.90093047520259,0.0,0,238.12240258378253,RUNNING,0.0,-0.00026218222217266884,20.000002369004715,360.0000426420849,ISLANDED,True,49.99999997725756,0.9999999886287774,-0.00017056833948458916,False,False,9112.939551367088,3230.0999999999995,1019.3287736240067,1079.9999573579155
2025-01-15 23:55:00,1435.0,245.71356660298153,240,5.71356660298153,221.90093047520259,0.0,0,245.71339603464205,RUNNING,0.0,-0.00026218222217266884,20.000002369004715,360.0000426420849,ISLANDED,True,49.99999997725756,0.9999999886287774,-0.00017056833948458916,False,False,9133.415681917337,3230.0999999999995,1025.5498192767786,1079.9999573579155
