timestamp,mode,sync_score,battery_soc_error,battery_soc_percent,battery_power_kw,battery_energy_kwh,pv_power_kw,generator_power_kw,generator_state,total_load_kw,critical_load_kw,shed_load_kw,optimal_battery_power,optimal_generator_should_run,optimal_load_shed,data_available
2025-01-15 00:00:00,simulation,0.9982953807987776,0.04261548003056248,67.46095051322769,-160.0,371.03522782275223,0.0,0.0,OFF,0.0,234.9350925307945,0.0,-160.0,False,0.0,False
2025-01-15 00:05:00,simulation,0.982267627195597,0.4433093201100746,64.77612358641316,-160.0,356.2686797252724,0.0,0.0,OFF,0.0,234.1827702945637,0.0,-160.0,False,0.0,False
2025-01-15 00:15:00,simulation,0.9825554779499828,0.4361130512504303,62.355123371006805,-160.0,342.9531785405374,0.0,0.0,OFF,0.0,232.94412309844986,0.0,-160.0,False,0.0,False
2025-01-15 00:30:00,simulation,0.9949684870073396,0.12578782481651274,59.84102558767026,-160.0,329.1256407321864,0.0,0.0,OFF,0.0,241.92115313757333,0.0,-160.0,False,0.0,False
2025-01-15 00:50:00,simulation,0.9807585246258308,0.4810368843542321,55.200647657761216,-300.0,303.6035621176867,0.0,0.0,OFF,242.16894443376873,242.16894443376873,-242.16894443376873,-300.0,False,100.0,False
2025-01-15 01:15:00,simulation,0.9730450158375157,0.24976870552648478,52.72374413863766,-160.0,289.9805927625071,0.0,0.0,OFF,247.82368974757705,239.84352680271638,-242.16894443376873,-160.0,False,0.0,False
2025-01-15 01:45:00,simulation,0.9648309259398582,0.1446641392250143,50.21530924962365,-160.0,276.1842008729301,0.0,0.0,OFF,257.6178592446241,234.0305238369548,-242.16894443376873,-160.0,False,0.0,False
2025-01-15 02:20:00,simulation,0.9795912853419904,0.2580427086089685,45.353207441825646,-300.0,249.44264093004108,0.0,0.0,OFF,228.241929423487,228.241929423487,32.73826525902072,-300.0,False,100.0,False
2025-01-15 03:00:00,simulation,0.9877621534370231,0.22472621035451823,42.868791174150495,-160.0,235.7783514578277,0.0,0.0,OFF,229.3248621397524,229.7548954582516,32.73826525902072,-160.0,False,0.0,False
2025-01-15 03:45:00,simulation,0.9869025810151278,0.2186705872522552,40.25135586719332,-160.0,221.38245726956325,0.0,0.0,OFF,230.77506063801306,231.56838427040424,32.73826525902072,-160.0,False,0.0,False
2025-01-15 04:35:00,simulation,0.9897947209205973,0.058467031407687386,35.48420698140031,-300.0,195.16313839770172,0.0,0.0,OFF,235.48233533135252,235.48233533135252,-2.085075418974384,-300.0,False,100.0,False
2025-01-15 05:30:00,simulation,0.9818159313339951,0.08614382996567826,31.31163336989068,-260.0,172.21398353439872,0.0,0.0,OFF,240.39510715381175,234.08744380266262,-2.085075418974384,-260.0,False,0.0,False
2025-01-15 06:30:00,simulation,0.9857675588944546,0.0718537378193389,27.24877564886259,-253.38961030007923,149.86826606874425,0.0,0.0,OFF,236.60900995622114,232.89791735653736,-2.085075418974384,-253.38961030007923,False,0.0,False
2025-01-15 07:35:00,simulation,0.9851953296625682,0.13770228526045614,22.924143923535524,-268.5642291922579,126.08279157944537,0.0,0.0,OFF,233.27740347846108,233.27740347846108,6.430466120097918,-268.5642291922579,False,68.50027108518015,False
2025-01-15 08:45:00,simulation,0.9705204456417935,0.04332356307736518,20.152179240718826,-174.61710183409207,110.83698582395354,0.0,0.0,OFF,227.75145367470998,227.75145367470998,-3.722920807952846,-174.61710183409207,False,176.70497945659793,False
2025-01-15 10:00:00,simulation,0.9866758953614703,0.20307581802047991,18.38394339450217,-114.6882436947493,101.11168866976195,0.0,0.0,OFF,226.61919541223588,226.61919541223588,-0.6014323767628014,-114.6882436947493,False,114.31175630525064,False
2025-01-15 11:20:00,simulation,0.9962650030289373,0.0786174259686554,17.982373612205453,-23.699631567533743,98.90305486713,0.0,0.0,OFF,226.8159620563414,226.05983288065414,-0.6014323767628014,-23.699631567533743,False,0.0,False
2025-01-15 12:45:00,simulation,0.9935342756537788,0.14320894875138634,16.908038672288797,-64.66704040676083,92.99421269758838,0.0,0.0,OFF,220.10991309110474,220.10991309110474,6.460260166514729,-64.66704040676083,False,82.10033028604957,False
2025-01-15 14:15:00,simulation,0.978528399125161,0.06141702805718552,16.250511576949478,-42.38220317553093,89.37781367322214,0.0,0.0,OFF,212.09335156041726,212.09335156041726,14.354868114871323,-42.38220317553093,False,289.3772109456416,False
2025-01-15 15:50:00,simulation,0.9862645807217907,0.054944576448825444,15.822435318345834,-27.87388889745076,87.02339425090209,0.0,0.0,OFF,205.47792027106618,205.47792027106618,10.461310029436532,-27.87388889745076,False,260.114053880245,False
2025-01-15 17:30:00,simulation,0.9890909330756572,0.016888702438739855,15.537150375015191,-18.205042439704005,85.45432706258354,0.0,0.0,OFF,204.7053039131469,204.7053039131469,4.18378930018369,-18.205042439704005,False,395.18456786037524,False
2025-01-15 19:15:00,simulation,0.9961181059307519,0.06756452951623793,15.33551925610407,-11.371382355527018,84.34535590857237,0.0,0.0,OFF,205.2887294607872,205.2887294607872,-0.9765298438398702,-11.371382355527018,False,408.62861764447297,False
2025-01-15 21:05:00,simulation,0.9797604772672006,0.0697372548461157,15.20421278854489,-6.92115775230517,83.62317033699689,0.0,0.0,OFF,211.12066610150964,211.12066610150964,-11.648614153707342,-6.92115775230517,False,393.0788422476948,False
2025-01-15 23:00:00,simulation,0.9729821983108327,0.1418021841898227,15.104945068976383,-3.5567869323347203,83.0771978793701,0.0,0.0,OFF,217.02785719679989,217.02785719679989,1.2080470119012432,-3.5567869323347203,False,236.44321306766528,False
2025-01-16 01:00:00,simulation,0.994952401831289,0.05806073667945455,15.079428802267861,-2.6919923795647875,82.93685841247323,0.0,0.0,OFF,209.7708456606859,209.7708456606859,8.165401103291572,-2.6919923795647875,False,157.3080076204352,False
2025-01-16 03:05:00,simulation,0.9831494287165046,0.10016355781244535,15.071064582028578,-2.408513131455095,82.89085520115718,0.0,0.0,OFF,215.89358831993886,215.89358831993886,-1.8413996689204168,-2.408513131455095,False,397.5914868685449,False
2025-01-16 05:15:00,simulation,0.9943708314203903,0.04997677281889956,15.055861959883284,-1.8932675052334496,82.80724077935807,0.0,0.0,OFF,209.3279497612358,209.3279497612358,7.775671114320971,-1.8932675052334496,False,258.10673249476656,False
2025-01-16 07:30:00,simulation,0.9875943789202417,0.02615545137534525,15.041354702209611,-1.4015890965094826,82.72745086215286,0.0,0.0,OFF,203.84543862877496,203.84543862877496,9.268978807375703,-1.4015890965094826,False,201.7771264536807,False
2025-01-16 09:50:00,simulation,0.9934438523626208,0.05927080530682005,15.038386489836167,-1.3009907636364488,82.71112569409891,0.0,0.0,OFF,204.67553232794302,204.67553232794302,-2.225198840870206,-1.3009907636364488,False,122.71106645866779,False
2025-01-16 12:15:00,simulation,0.9820535038546291,0.14692658139026982,15.053529564515266,-1.81421821357144,82.79441260483397,0.0,0.0,OFF,204.33099510592737,204.33099510592737,4.367681518602382,-1.81421821357144,False,131.84547867990938,False
2025-01-16 14:45:00,simulation,0.9968278946526417,0.042706429184573125,15.026430746019582,-0.8957879867176572,82.6453691031077,0.0,0.0,OFF,211.6931809682318,211.6931809682318,-6.874236468979291,-0.8957879867176572,False,379.78213072259234,False
2025-01-16 17:20:00,simulation,0.983438973218853,0.0718660670241551,15.031151770994608,-1.0557924547902076,82.67133474047034,0.0,0.0,OFF,213.34548117462646,213.34548117462646,-6.214428239788276,-1.0557924547902076,False,387.244575977676,False
2025-01-16 20:00:00,simulation,0.9798753937374355,0.009059007325653567,15.021985447510794,-0.7451284102306914,82.62091996130937,0.0,0.0,OFF,218.1748491583456,218.1748491583456,-11.416783306898623,-0.7451284102306914,False,419.2548715897693,False
2025-01-16 22:45:00,simulation,0.98227314124525,0.134768967263323,15.0,0.4057953387004787,82.43067662963868,0.0,0.0,OFF,218.94729191980463,218.94729191980463,-4.884476116198044,0.4057953387004787,False,240.40579533870047,False
2025-01-17 01:35:00,simulation,0.995291129172907,0.026965673377892685,15.005251210078857,-0.17797344429410344,82.52888165543371,0.0,0.0,OFF,218.191597499526,218.191597499526,1.965775717604373,-0.17797344429410344,False,399.8220265557059,False
2025-01-17 04:30:00,simulation,0.9901206251602497,0.042081306306108957,15.011603460928342,-0.39326324335514684,82.56381903510588,0.0,0.0,OFF,220.44319990239788,220.44319990239788,-4.983643265373843,-0.39326324335514684,False,159.60673675664486,False
2025-01-17 07:30:00,simulation,0.9790508050840891,0.14469384637218496,15.035709293843505,-1.2102555264799548,82.69640111613928,0.0,0.0,OFF,219.6272732285844,219.6272732285844,-4.2378870131943245,-1.2102555264799548,False,201.96846002371024,False
2025-01-17 10:35:00,simulation,0.9933569735304252,0.018793090049648242,15.01952001004664,-0.6615700702294127,82.60736005525652,0.0,0.0,OFF,220.95923172444122,220.95923172444122,-3.295726118386483,-0.6615700702294127,False,62.306626588606534,False
2025-01-17 13:45:00,simulation,0.9715387644761319,0.11046605702053114,15.0,0.2996357553094384,82.44881222513463,0.0,0.0,OFF,226.46589142212073,226.46589142212073,2.507538050002779,0.2996357553094384,False,288.1999185276177,False
2025-01-17 17:00:00,simulation,0.9876755114957767,0.01311704409288339,15.002554371744406,-0.08657249101302256,82.51404904459423,0.0,0.0,OFF,226.00865368153765,226.00865368153765,-3.476031172919619,-0.08657249101302256,False,393.9223558431681,False
2025-01-17 20:20:00,simulation,0.996141540494529,0.04412525662963063,15.0,0.23503051537866426,82.45984895362281,0.0,0.0,OFF,226.64883179161157,226.64883179161157,-1.3379945235025161,0.23503051537866426,False,400.23503051537864,False
2025-01-17 23:45:00,simulation,0.9940461584772016,0.03455152229867409,15.006728454342372,-0.22804004717124116,82.53700649888304,0.0,0.0,OFF,224.97150258446462,224.97150258446462,0.15340233019642824,-0.22804004717124116,False,239.77195995282875,False
2025-01-18 03:15:00,simulation,0.9956800489278651,0.032388902800121855,15.0,0.06574076294861797,82.48876928632961,0.0,0.0,OFF,226.29377686866326,226.29377686866326,-0.31414263082197635,0.06574076294861797,False,160.06574076294862,False
2025-01-18 06:50:00,simulation,0.9932178199879389,0.07316985191427072,15.0,0.4829210226341907,82.41750099196665,0.0,0.0,OFF,220.8365366388228,220.8365366388228,6.742368875003933,0.4829210226341907,False,382.30663170774426,False
2025-01-18 10:30:00,simulation,0.991437072655966,0.03871809657373326,15.0075398398591,-0.2555394373866591,82.54146911922504,0.0,0.0,OFF,216.29182975989073,216.29182975989073,6.882774705960259,-0.2555394373866591,False,188.56574501242315,False
2025-01-18 14:15:00,simulation,0.9878919721970825,0.06901076351438462,15.018333220171865,-0.6213475160950566,82.60083271094526,0.0,0.0,OFF,215.89470135235194,215.89470135235194,3.5129941616528413,-0.6213475160950566,False,331.1380666050775,False
2025-01-18 18:05:00,simulation,0.996383746222782,0.007570511911076494,15.010426253756947,-0.3533654651678759,82.55734439566321,0.0,0.0,OFF,216.5536560507494,216.5536560507494,0.4455230685275353,-0.3533654651678759,False,399.6466345348321,False
2025-01-18 22:00:00,simulation,0.9790053250252106,0.06102996467786426,15.018652701700546,-0.6321753495267188,82.602589859353,0.0,0.0,OFF,219.553981151495,219.553981151495,-9.184817229970577,-0.6321753495267188,False,239.36782465047327,False
2025-01-19 02:00:00,simulation,0.9897799962403906,0.12030037996484388,15.035534810184734,-1.2043419451799622,82.69544145601604,0.0,0.0,OFF,222.07947808405785,222.07947808405785,-0.7228340788909691,-1.2043419451799622,False,158.79565805482002,False
2025-01-19 06:05:00,simulation,0.9877387423858047,0.008784253167856804,15.021355838011788,-0.7237897531562396,82.61745710906483,0.0,0.0,OFF,219.4942961924126,219.4942961924126,6.555144387472268,-0.7237897531562396,False,399.09156523372417,False
2025-01-19 10:15:00,simulation,0.993564821290313,0.02359129762002432,15.01845665631611,-0.6255310005514793,82.60151160973861,0.0,0.0,OFF,217.7447395425063,217.7447395425063,-0.08095228505570162,-0.6255310005514793,False,207.27475177175674,False
2025-01-19 14:30:00,simulation,0.9857758274663857,0.029171349903984733,15.01766137311632,-0.5985773483206884,82.59713755213976,0.0,0.0,OFF,227.8249584351064,227.8249584351064,-5.727779380115123,-0.5985773483206884,False,355.1905279017903,False
2025-01-19 18:50:00,simulation,0.9636183711307498,0.04813592458815563,15.002090562146932,-0.0708531062771911,82.51149809180814,0.0,0.0,OFF,230.8249071043723,230.8249071043723,-14.485345964507246,-0.0708531062771911,False,399.9291468937228,False
2025-01-19 23:15:00,simulation,0.9839118570105272,0.08317750041067384,15.017554755333245,-0.594963869942962,82.59655115433286,0.0,0.0,OFF,232.80397544570414,232.80397544570414,2.274612649683462,-0.594963869942962,False,239.40503613005703,False
2025-01-20 03:45:00,simulation,0.9855049473155654,0.004538702462809852,15.01051133947356,-0.3562491810768371,82.55781236710457,0.0,0.0,OFF,231.11111190583958,231.11111190583958,6.464031735171972,-0.3562491810768371,False,159.64375081892317,False
2025-01-20 08:20:00,simulation,0.9684466845783818,0.178425319911387,15.041569133535754,-1.4088565798334507,82.72863023444664,0.0,0.0,OFF,227.02698367338127,227.02698367338127,-4.054639309262598,-1.4088565798334507,False,270.94305122534627,False
2025-01-20 13:00:00,simulation,0.9863551763791631,0.026583301738362763,15.021806724412755,-0.7390711463133854,82.61993698427015,0.0,0.0,OFF,224.9377558320957,224.9377558320957,-2.104602675815215,-0.7390711463133854,False,237.2520005195055,False
2025-01-20 17:45:00,simulation,0.9931338004955972,0.08971382141595186,15.0,0.11236328426468845,82.48080460560479,0.0,0.0,OFF,224.43758310422035,224.43758310422035,1.5927216104635988,0.11236328426468845,False,418.4526663907839,False
2025-01-20 22:35:00,simulation,0.9868235288313265,0.011091233037914705,15.0,0.07320213805024878,82.48749463474975,0.0,0.0,OFF,223.3112408501529,223.3112408501529,-3.117931694984833,0.07320213805024878,False,400.07320213805025,False
2025-01-21 03:30:00,simulation,0.9733981181723944,0.05550333306678645,15.0,0.36632199824077105,82.4374199919672,0.0,0.0,OFF,229.71704834703547,229.71704834703547,-14.533056998527258,0.36632199824077105,False,160.36632199824078,False
2025-01-21 08:30:00,simulation,0.9890380971627839,0.045995520762888376,15.008957022464351,-0.30357043703505937,82.54926362355393,0.0,0.0,OFF,235.45855783738165,235.45855783738165,-2.7008154881126245,-0.30357043703505937,False,375.907324312854,False
2025-01-21 13:35:00,simulation,0.994883857950156,0.005572800175078996,15.00689943707236,-0.23383497537123787,82.53794690389797,0.0,0.0,OFF,236.53064140640137,236.53064140640137,-2.703160249966686,-0.23383497537123787,False,74.70166474719069,False
2025-01-21 18:45:00,simulation,0.9825173137952006,0.030156665580646447,15.0,0.04724637724039482,82.4919287438881,0.0,0.0,OFF,236.33500284763858,236.33500284763858,5.6211117526206635,0.04724637724039482,False,420.0472463772404,False
2025-01-22 00:00:00,simulation,0.990123745772045,0.013919956463952943,15.0,0.09187171266210115,82.48430524908689,0.0,0.0,OFF,230.6638466524284,230.6638466524284,2.564670872077869,0.09187171266210115,False,160.0918717126621,False
2025-01-22 05:20:00,simulation,0.9827270162952857,0.08088225732007004,15.0,0.5338228983124935,82.40880525487161,0.0,0.0,OFF,227.20062947811996,227.20062947811996,8.14244831161227,0.5338228983124935,False,400.5338228983125,False
2025-01-22 10:45:00,simulation,0.992781799769691,0.1425480662365075,15.0,0.9408172371609496,82.33927705531833,0.0,0.0,OFF,236.6915734919812,236.6915734919812,-9.996369874144108,0.9408172371609496,False,173.03026922066135,False
2025-01-22 16:15:00,simulation,0.9952153169307875,0.03333609699627793,15.0,0.22001824017543828,82.4624135506367,0.0,0.0,OFF,239.2499393354841,239.2499393354841,-3.7087789066233654,0.22001824017543828,False,524.3197354678673,False
2025-01-22 21:50:00,simulation,0.974875148201217,0.01965383845358737,15.0,0.12971533379367273,82.47784029714357,0.0,0.0,OFF,246.08529251393077,246.08529251393077,1.2775462417664585,0.12971533379367273,False,400.1297153337937,False
2025-01-23 03:30:00,simulation,0.9821147729982869,0.07446978108426983,15.014502010000625,-0.4915005551562004,82.57976105500343,0.0,0.0,OFF,247.49406097846963,247.49406097846963,-6.377580383986327,-0.4915005551562004,False,159.5084994448438,False
2025-01-23 09:15:00,simulation,0.9942476559817253,0.025690973703621722,15.014416564528654,-0.48860464645765944,82.5792911049076,0.0,0.0,OFF,248.5338555329393,248.5338555329393,0.5351071355736678,-0.48860464645765944,False,300.18931406285236,False
2025-01-23 15:05:00,simulation,0.994543274698968,0.04988216329658002,15.0,0.012057858127075605,82.49794011590329,0.0,0.0,OFF,245.50475786060852,245.50475786060852,4.182910595387057,0.012057858127075605,False,214.4742190070023,False
2025-01-23 21:00:00,simulation,0.993608960624879,0.043411591915644365,15.0,0.28651650664324896,82.45105343011511,0.0,0.0,OFF,249.42932296360573,249.42932296360573,-2.3730398701654565,0.28651650664324896,False,420.28651650664324,False
2025-01-24 03:00:00,simulation,0.965612721081667,0.058255539749634266,15.011344499845979,-0.38448656234758616,82.56239474915289,0.0,0.0,OFF,243.22008521405942,243.22008521405942,-4.476448026569614,-0.38448656234758616,False,159.61551343765242,False
2025-01-24 09:05:00,simulation,0.9986520653895214,0.02278340933129641,15.011800742769799,-0.39994949819807246,82.56490408523389,0.0,0.0,OFF,245.7692676329694,245.7692676329694,-2.403649673167763,-0.39994949819807246,False,197.1378893529267,False
2025-01-24 15:15:00,simulation,0.9760857787100059,0.03581319091687618,15.014634278976487,-0.49598340098694393,82.58048853437069,0.0,0.0,OFF,243.77046315667707,243.77046315667707,9.492702360732011,-0.49598340098694393,False,430.8260978897031,False
2025-01-24 21:30:00,simulation,0.9824458955587695,0.021678125325893305,15.005277914579171,-0.17887851033182045,82.52902853018544,0.0,0.0,OFF,252.7804011822273,252.7804011822273,-14.572264501615166,-0.17887851033182045,False,419.8211214896682,False
2025-01-25 03:50:00,simulation,0.9665664942631993,0.11996477163226693,15.026787575518377,-0.9078816135146894,82.64733166535108,0.0,0.0,OFF,256.905384844038,256.905384844038,-13.669955285647404,-0.9078816135146894,False,399.0921183864853,False
2025-01-25 10:15:00,simulation,0.9872256699973927,0.14602719995289526,15.0,0.374452858284819,82.436030970043,0.0,0.0,OFF,257.11669043367215,257.11669043367215,-2.52238625779799,0.374452858284819,False,208.27473563059306,False
2025-01-25 16:45:00,simulation,0.971151463516423,0.04002754345665949,15.0,0.26418178681396043,82.45486894475262,0.0,0.0,OFF,268.57380992258885,268.57380992258885,-20.539597737353574,0.26418178681396043,False,560.1747298033135,False
2025-01-25 23:20:00,simulation,0.9761174738811995,0.038743408736449325,15.0,0.25570649766056164,82.45631680664965,0.0,0.0,OFF,267.2148329920683,267.2148329920683,8.803240186968083,0.25570649766056164,False,400.2557064976606,False
2025-01-26 06:00:00,simulation,0.9621806897863223,0.09642496768689313,15.0,0.636404786733479,82.39128084893304,0.0,0.0,OFF,261.4488686649028,261.4488686649028,17.086734829232796,0.636404786733479,False,260.63640478673346,False
2025-01-26 12:45:00,simulation,0.9882308157773012,0.029598297796489703,15.0,0.19534876545686333,82.46662791923445,0.0,0.0,OFF,264.2046575257911,264.2046575257911,0.7726285760581391,0.19534876545686333,False,146.96271945826726,False
2025-01-26 19:35:00,simulation,0.9832341741056547,0.07204200042594522,15.0,0.4754772028112697,82.41877264451973,0.0,0.0,OFF,260.32980076172873,260.32980076172873,-0.7531918617067959,0.4754772028112697,False,400.47547720281125,False
2025-01-27 02:30:00,simulation,0.9774923975217248,0.040079829704732006,15.007805019468817,-0.26452687605123515,82.5429276070785,0.0,0.0,OFF,251.08512189455033,251.08512189455033,2.2765424371497716,-0.26452687605123515,False,159.73547312394876,False
2025-01-27 09:30:00,simulation,0.9915066437041995,0.020685357925708914,15.009094617426696,-0.3082337906236426,82.55002039584683,0.0,0.0,OFF,258.1858388627134,258.1858388627134,-4.545402975239057,-0.3082337906236426,False,275.48087145948733,False
2025-01-27 16:35:00,simulation,0.9850191811544147,0.03815892111004082,15.013334471387878,-0.4519304627135554,82.57333959263333,0.0,0.0,OFF,255.0784421249957,255.0784421249957,-1.3774239293435357,-0.4519304627135554,False,348.57987287845043,False
2025-01-27 23:45:00,simulation,0.9970752101362843,0.042884127106228576,15.000304590008284,-0.010323131632198113,82.50167524504556,0.0,0.0,OFF,261.36025433622547,261.36025433622547,-6.684953804385287,-0.010323131632198113,False,239.9896768683678,False
2025-01-28 07:00:00,simulation,0.9802146405528115,0.10742327524955009,15.0,0.7022926364647972,82.38002500793726,0.0,0.0,OFF,268.7191958029462,268.7191958029462,-12.52175094578962,0.7022926364647972,False,234.71122097064588,False
2025-01-28 14:20:00,simulation,0.9783480381666767,0.1744018898019828,15.03396247327723,-1.1510524726930669,82.68679360302475,0.0,0.0,OFF,272.24375457355325,272.24375457355325,-8.416520851021687,-1.1510524726930669,False,138.49703972212725,False
2025-01-28 21:45:00,simulation,0.9797718960513665,0.08077772750043977,15.006315416421097,-0.2140414105961348,82.53473479031604,0.0,0.0,OFF,262.4628555329806,262.4628555329806,4.115234091033983,-0.2140414105961348,False,419.7859585894039,False
2025-01-29 05:15:00,simulation,0.9865814327506204,0.021644544758684603,15.00831447112986,-0.28179315667145843,82.54572959121423,0.0,0.0,OFF,257.1040941767398,257.1040941767398,9.543023175918222,-0.28179315667145843,False,259.7182068433285,False
2025-01-29 12:50:00,simulation,0.9882130027939371,0.07179614066738615,15.019378466547595,-0.6567728932616674,82.60658156601177,0.0,0.0,OFF,255.6642241011643,255.6642241011643,4.411587268697957,-0.6567728932616674,False,29.51951642162819,False
2025-01-29 20:30:00,simulation,0.9881806891425933,0.01955984453067572,15.016388026957046,-0.5554212379495239,82.59013414826374,0.0,0.0,OFF,256.01267911089747,256.01267911089747,-4.0274273684596835,-0.5554212379495239,False,419.44457876205047,False
2025-01-30 04:15:00,simulation,0.9913178297642793,0.08647491289543296,15.0,0.2101978320548632,82.46409120369063,0.0,0.0,OFF,256.6069811495408,256.6069811495408,1.1467558679911463,0.2101978320548632,False,160.21019783205486,False
2025-01-30 12:05:00,simulation,0.9942445616827082,0.1220794154422542,15.023773359849283,-0.8057241419189012,82.63075347917105,0.0,0.0,OFF,253.18008338818407,253.18008338818407,3.136143861489529,-0.8057241419189012,False,11.378920871200663,False
2025-01-30 20:00:00,simulation,0.9951766044180969,0.0989069541362646,15.0,0.12977198061511075,82.47783061997826,0.0,0.0,OFF,247.09449131053142,247.09449131053142,5.796552938835134,0.12977198061511075,False,420.1297719806151,False
2025-01-31 04:00:00,simulation,0.9852786897523315,0.0009172047865551036,15.0,0.006053551591275408,82.49896585160316,0.0,0.0,OFF,245.49713179897438,245.49713179897438,6.492233530292481,0.006053551591275408,False,160.00605355159126,False
2025-01-31 12:05:00,simulation,0.9776988800355663,0.08616109900553148,15.0,0.5686632534365117,82.40285336087126,0.0,0.0,OFF,252.11320170909514,252.11320170909514,-12.900961911524917,0.5686632534365117,False,12.753308266556076,False
2025-01-31 20:15:00,simulation,0.9870669637356166,0.08022846970436248,15.0,0.5295079000487846,82.40954240040834,0.0,0.0,OFF,252.72250799206302,252.72250799206302,-3.8506054417042037,0.5295079000487846,False,420.52950790004877,False
2025-02-01 04:30:00,simulation,0.9701978950935541,0.11050697083000927,15.0,0.7293460074780924,82.37540339038917,0.0,0.0,OFF,252.96098451484974,252.96098451484974,-8.699085213868585,0.7293460074780924,False,160.72934600747809,False
2025-02-01 12:50:00,simulation,0.9836907782405104,0.003471692057093634,15.0,0.022913167576810167,82.49608566720563,0.0,0.0,OFF,243.85111314657095,243.85111314657095,14.49998939401408,0.022913167576810167,False,30.199202482466667,False
2025-02-01 21:15:00,simulation,0.9940901767728075,0.06862663684355574,15.01336413454322,-0.4529358031674562,82.5735027399877,0.0,0.0,OFF,245.3160742588213,245.3160742588213,-2.5198803634004037,-0.4529358031674562,False,419.54706419683254,False
2025-02-02 05:45:00,simulation,0.986228248845683,0.07136035530157159,15.0,0.1769673850395499,82.4697680717224,0.0,0.0,OFF,252.19441089373416,252.19441089373416,-3.2392243208281855,0.1769673850395499,False,260.1769673850396,False
2025-02-02 14:20:00,simulation,0.9806313341158837,0.012144961129111564,15.0,0.08015674345213242,82.48630655632692,0.0,0.0,OFF,255.8197521090276,255.8197521090276,-9.919630361610757,0.08015674345213242,False,139.72824893827246,False
2025-02-02 23:00:00,simulation,0.9852623760064266,0.08112725420151357,15.015798465291871,-0.5354398777299778,82.5868915591053,0.0,0.0,OFF,259.629068788028,259.629068788028,0.021527929503861287,-0.5354398777299778,False,239.46456012227003,False
2025-02-03 07:45:00,simulation,0.9913762758418156,0.10322450158184537,15.0,0.3337154740190016,82.44299027318841,0.0,0.0,OFF,262.08478134460387,262.08478134460387,-3.9539605882126807,0.3337154740190016,False,184.43343270171084,False
2025-02-03 16:35:00,simulation,0.9802668417922273,0.03234802428890049,15.0,0.2134969603067276,82.46352760261428,0.0,0.0,OFF,261.0806042806695,261.0806042806695,7.150589476006587,0.2134969603067276,False,349.2453003014707,False
2025-02-04 01:30:00,simulation,0.9776622999782844,0.04666874460104076,15.0,0.3080137143668651,82.44738099046234,0.0,0.0,OFF,264.3734153700692,264.3734153700692,-10.116461168624397,0.3080137143668651,False,160.30801371436687,False
2025-02-04 10:30:00,simulation,0.99565385724807,0.09320636481336209,15.0,0.6151620077682054,82.39490982367295,0.0,0.0,OFF,263.97558566097865,263.97558566097865,0.1918669892920093,0.6151620077682054,False,189.43644645757803,False
2025-02-04 19:35:00,simulation,0.9943981031450198,0.050255033949287764,15.0,0.33168322406532275,82.44333744922217,0.0,0.0,OFF,264.6566153239657,264.6566153239657,0.5162021693491852,0.33168322406532275,False,400.33168322406533,False
2025-02-05 04:45:00,simulation,0.9856235342543734,0.07076308025331102,15.0,0.4670363296718527,82.4202146270144,0.0,0.0,OFF,267.0201808410918,267.0201808410918,1.48508199470524,0.4670363296718527,False,160.46703632967186,False
2025-02-05 14:00:00,simulation,0.986504465426189,0.08945426209437102,15.0,0.59039812982288,82.3991403194886,0.0,0.0,OFF,269.0526406026788,269.0526406026788,-5.338247791599088,0.59039812982288,False,309.5903981298228,False
2025-02-05 23:20:00,simulation,0.9796588278626285,0.01161629006367626,15.002262119643978,-0.07666751442024378,82.51244165804188,0.0,0.0,OFF,273.5158228953106,273.5158228953106,-11.088689137573226,-0.07666751442024378,False,399.92333248557975,False
2025-02-06 08:45:00,simulation,0.9831331380190903,0.14491818761061026,15.0,0.9066934060625371,82.34510654313098,0.0,0.0,OFF,273.2067823894091,273.2067823894091,3.999085331396543,0.9066934060625371,False,352.2287746967525,False
2025-02-06 18:15:00,simulation,0.9831913504066392,0.10815572053583189,15.0,0.7138277555364709,82.37805442509585,0.0,0.0,OFF,273.18188670185395,273.18188670185395,4.185702611531042,0.7138277555364709,False,420.7138277555365,False
2025-02-07 03:50:00,simulation,0.9744261612452878,0.0009811794909158067,15.0,0.006475784640056049,82.498893720124,0.0,0.0,OFF,265.3524979228219,265.3524979228219,-0.6821417459931354,0.006475784640056049,False,400.00647578464003,False
2025-02-07 13:30:00,simulation,0.9663567513979245,0.021247176530588163,15.004137608061221,-0.14023136510185452,82.52275684433671,0.0,0.0,OFF,260.70495070267026,260.70495070267026,15.578667733768953,-0.14023136510185452,False,268.68105308470797,False
2025-02-07 23:15:00,simulation,0.9786525078603407,0.15785057708925976,15.033425138665896,-1.132841186135984,82.68383826266242,0.0,0.0,OFF,258.33815862772633,258.33815862772633,7.377948426973546,-1.132841186135984,False,238.86715881386402,False
2025-02-08 09:05:00,simulation,0.9957193835846023,0.015077788195117847,15.018760818976709,-0.635839648561948,82.6031845043719,0.0,0.0,OFF,258.42870548613644,258.42870548613644,1.1352881041208889,-0.635839648561948,False,196.90199920256282,False
2025-02-08 19:00:00,simulation,0.9726833935600157,0.057647278372559896,15.000952026529873,-0.032265980228679325,82.50523614591431,0.0,0.0,OFF,264.0006052613163,264.0006052613163,-13.908804876873887,-0.032265980228679325,False,419.96773401977134,False
2025-02-09 05:00:00,simulation,0.9941741180824377,0.02884164881565887,15.0,0.16941029852618783,82.47105907400177,0.0,0.0,OFF,262.6193508364111,262.6193508364111,-0.17615089674012552,0.16941029852618783,False,260.1694102985262,False
2025-02-09 15:05:00,simulation,0.9736804297922492,0.009672704076438166,15.00188363184646,-0.06383984690446454,82.51035997515554,0.0,0.0,OFF,255.67409586838195,255.67409586838195,-1.698965713535273,-0.06383984690446454,False,214.39832130197075,False
2025-02-10 01:15:00,simulation,0.9995337245263125,0.007938109780754488,15.0,0.010951623930893106,82.49812909757847,0.0,0.0,OFF,258.71720420020637,258.71720420020637,-3.092692025976845,0.010951623930893106,False,160.0109516239309,False
2025-02-10 11:30:00,simulation,0.9859449455560974,0.1372480808851435,15.026727257856578,-0.9058373338419158,82.64699991821118,0.0,0.0,OFF,260.334145642359,260.334145642359,-4.471985178318221,-0.9058373338419158,False,137.70455236607884,False
2025-02-10 21:50:00,simulation,0.9808283991295028,0.12462608603606284,15.041618563082343,-1.410531840682708,82.7289020969529,0.0,0.0,OFF,259.2575589318673,259.2575589318673,5.805439186843216,-1.410531840682708,False,398.5894681593173,False
2025-02-11 08:15:00,simulation,0.9735865175022492,0.0008347980652931852,15.026852992553016,-0.9100987205806099,82.6476914590416,0.0,0.0,OFF,258.8860329666253,258.8860329666253,9.164889490288374,-0.9100987205806099,False,399.3304871582468,False
2025-02-11 18:45:00,simulation,0.9749410622477761,0.0075483851945499225,15.015960941207055,-0.5409464938823305,82.5877851766388,0.0,0.0,OFF,255.06024740103987,255.06024740103987,12.078119680399368,-0.5409464938823305,False,419.4590535061177,False
2025-02-12 05:20:00,simulation,0.9793710033298233,0.017010492145153933,15.007048041435961,-0.23887145839717405,82.53876422789779,0.0,0.0,OFF,252.86790928900783,252.86790928900783,8.841863773488882,-0.23887145839717405,False,399.76112854160283,False
2025-02-12 16:00:00,simulation,0.9849705512041567,0.10986262304531458,15.025969344718131,-0.8801502236901939,82.64283139594973,0.0,0.0,OFF,255.65847082881515,255.65847082881515,0.7544197515362612,-0.8801502236901939,False,502.11984977630976,False
2025-02-13 02:45:00,simulation,0.9693392545207826,0.12399110827947268,15.041002930815317,-1.3896668984433767,82.72551611948424,0.0,0.0,OFF,264.59650476577355,264.59650476577355,-0.37100022094557517,-1.3896668984433767,False,158.61033310155662,False
2025-02-13 13:35:00,simulation,0.9885978723244568,0.02894257292786584,15.020979752292412,-0.7110434966130796,82.61538863760826,0.0,0.0,OFF,257.36650236195817,257.36650236195817,3.815194151005869,-0.7110434966130796,False,74.22445622594884,False
2025-02-14 00:30:00,simulation,0.9768056673792682,0.006608289267324707,15.014905313082222,-0.5051692595973876,82.58197922195222,0.0,0.0,OFF,252.6166580224011,252.6166580224011,12.393178022903328,-0.5051692595973876,False,159.49483074040262,False
2025-02-14 11:30:00,simulation,0.9842955958031654,0.02217733181580428,15.005356635103276,-0.18154649782457,82.52946149306801,0.0,0.0,OFF,253.87441314869503,253.87441314869503,-6.1968587676946925,-0.18154649782457,False,138.42884320209617,False
2025-02-14 22:35:00,simulation,0.9943497124700047,0.037205599171969084,15.01072241490579,-0.36340292680699804,82.55897328198184,0.0,0.0,OFF,260.3310386656889,260.3310386656889,-5.069270995955037,-0.36340292680699804,False,399.636597073193,False
2025-02-15 09:45:00,simulation,0.9759028871689717,0.14395671177299718,15.03499383951218,-1.1860074256291355,82.692466117317,0.0,0.0,OFF,266.55045118433026,266.55045118433026,-12.332360638677528,-1.1860074256291355,False,250.5734066955434,False
2025-02-15 21:00:00,simulation,0.9750581113552554,0.003936639842946121,15.021948690520947,-0.7438826463045274,82.62071779786521,0.0,0.0,OFF,275.35117866820184,275.35117866820184,-0.5392531335293143,-0.7438826463045274,False,419.25611735369546,False
2025-02-16 08:20:00,simulation,0.9937971059244455,0.027136539215991462,15.00896291164873,-0.3037700326352706,82.549296014068,0.0,0.0,OFF,271.0269651822442,271.0269651822442,2.6184026503192968,-0.3037700326352706,False,272.04813777254446,False
2025-02-16 19:45:00,simulation,0.9837351988630656,0.023015317465608476,15.00133610012517,-0.04528296099902107,82.50734855068843,0.0,0.0,OFF,264.7508572279156,264.7508572279156,11.390837433765284,-0.04528296099902107,False,419.95471703900097,False
2025-02-17 07:15:00,simulation,0.984756642099855,0.008503695816816759,15.0,0.02673018963728424,82.49543359260363,0.0,0.0,OFF,262.9562482599789,262.9562482599789,6.7623456570941585,0.02673018963728424,False,219.93727820613688,False
2025-02-17 18:50:00,simulation,0.9909338887495627,0.030287829496337793,15.005898156270337,-0.19989967467579817,82.53243985948686,0.0,0.0,OFF,265.1957452635667,265.1957452635667,0.3787023532734679,-0.19989967467579817,False,399.8001003253242,False
2025-02-18 06:30:00,simulation,0.9730079481548601,0.01565893397067164,15.006877999106614,-0.23310840215381035,82.53782899508637,0.0,0.0,OFF,266.5314450583451,266.5314450583451,7.452865033992623,-0.23310840215381035,False,253.1565018979254,False
2025-02-18 18:15:00,simulation,0.9944696523238428,0.013556769614947228,15.007104668590715,-0.24079065980417622,82.53907567724893,0.0,0.0,OFF,266.02150427932486,266.02150427932486,2.1726330762066937,-0.24079065980417622,False,419.7592093401958,False
2025-02-19 06:05:00,simulation,0.9783494940222499,0.18007504153180776,15.0,1.0321925651141726,82.32366710345966,0.0,0.0,OFF,266.49652152957776,266.49652152957776,-5.290852022412139,1.0321925651141726,False,400.8475475519946,False
2025-02-19 18:00:00,simulation,0.9767894767479942,0.0285589880349999,15.005561487143659,-0.18848932103100324,82.53058817929012,0.0,0.0,OFF,258.4940300339302,258.4940300339302,15.358546072516162,-0.18848932103100324,False,419.811510678969,False
2025-02-20 06:00:00,simulation,0.9939879496283314,0.03269814411094174,15.0,0.09345503397174326,82.48403476502983,0.0,0.0,OFF,261.52263486844896,261.52263486844896,-4.59664637026242,0.09345503397174326,False,260.09345503397174,False
2025-02-20 18:05:00,simulation,0.9916666026083353,0.049388080451832295,15.0,0.32596133098208924,82.44431493929055,0.0,0.0,OFF,260.2473099651708,260.2473099651708,3.394616294475327,0.32596133098208924,False,400.32596133098207,False
2025-02-21 06:15:00,simulation,0.9782413140899551,0.15473294680537997,15.0,1.0212374489155351,82.32553860247693,0.0,0.0,OFF,262.4271323918998,262.4271323918998,3.0099669192142073,1.0212374489155351,False,259.3615405554348,False
2025-02-21 18:30:00,simulation,0.9941419799994339,0.038826561098598944,15.00756096189815,-0.25625530325076085,82.54158529043983,0.0,0.0,OFF,270.3435733602316,270.3435733602316,-9.351426820539132,-0.25625530325076085,False,419.7437446967492,False
2025-02-22 06:50:00,simulation,0.9889566436874038,0.03703344689869148,15.012119769312404,-0.410761911290642,82.56665873121823,0.0,0.0,OFF,268.68946423358517,268.68946423358517,4.841448605529308,-0.410761911290642,False,381.41294877381944,False
2025-02-22 19:15:00,simulation,0.99324090766983,0.14651824935940638,15.036399719867516,-1.2336553706449749,82.70019845927133,0.0,0.0,OFF,261.99886078474435,261.99886078474435,6.391149330242911,-1.2336553706449749,False,418.76634462935505,False
2025-02-23 07:45:00,simulation,0.9754328975615175,0.013837018417961033,15.026322465605924,-0.8921181586439246,82.64477356083258,0.0,0.0,OFF,252.8419932218196,252.8419932218196,17.16140813017941,-0.8921181586439246,False,183.2075990690479,False
2025-02-23 20:20:00,simulation,0.9875279901990446,0.08756930869623325,15.000033542120894,-0.0011368059351610782,82.50018448166492,0.0,0.0,OFF,246.22087699218133,246.22087699218133,9.610862047340248,-0.0011368059351610782,False,399.9988631940648,False
2025-02-24 09:00:00,simulation,0.9975912108000939,0.009172922416727403,15.001808078899975,-0.061279214610024724,82.50994443394987,0.0,0.0,OFF,242.64472741576492,242.64472741576492,4.256773677495431,-0.061279214610024724,False,325.93872078538993,False
2025-02-24 21:45:00,simulation,0.9890848965721197,0.0557446650917246,15.0,0.3281370538059356,82.44394325330815,0.0,0.0,OFF,244.31359552632304,244.31359552632304,-4.563973718628574,0.3281370538059356,False,420.32813705380596,False
2025-02-25 10:35:00,simulation,0.9825158148706157,0.09552698642665014,15.018602623672558,-0.6304781104158792,82.60231443019907,0.0,0.0,OFF,241.51773459375272,241.51773459375272,-1.7585076248691394,-0.6304781104158792,False,62.33771854842007,False
2025-02-25 23:30:00,simulation,0.9899905890503373,0.16348442863444035,15.043911828661875,-1.4882549497835384,82.74151505764031,0.0,0.0,OFF,238.6414951554061,238.6414951554061,1.7195615035849698,-1.4882549497835384,False,238.51174505021646,False
2025-02-26 12:30:00,simulation,0.9868893574550401,0.06592954184663391,15.015665258701608,-0.5309252543734715,82.58615892285884,0.0,0.0,OFF,233.64649078778982,233.64649078778982,1.5038507439180933,-0.5309252543734715,False,138.07946444554727,False
2025-02-27 01:35:00,simulation,0.9822605107017954,0.07439456600666183,15.024656039554971,-0.8356398270793548,82.63560821755235,0.0,0.0,OFF,229.57669911136446,229.57669911136446,-0.8514438762207135,-0.8356398270793548,False,399.1643601729206,False
2025-02-27 14:45:00,simulation,0.9858347014792381,0.04679018755898667,15.006893024239105,-0.233617632320005,82.53791163331508,0.0,0.0,OFF,226.9505874899656,226.9505874899656,6.724008627532953,-0.233617632320005,False,490.10534172233497,False
2025-02-28 04:00:00,simulation,0.9909836911530409,0.024741987430962453,15.00929259574264,-0.3149436503046452,82.55110927658453,0.0,0.0,OFF,216.78091980153337,216.78091980153337,7.494124571858663,-0.3149436503046452,False,159.68505634969534,False
2025-02-28 17:20:00,simulation,0.9890624199430975,0.08425385403306862,15.0,0.3516383302801991,82.43992845191046,0.0,0.0,OFF,219.6111424533069,219.6111424533069,-5.352697950300126,0.3516383302801991,False,388.6520067627464,False
2025-03-01 06:45:00,simulation,0.9831017547510505,0.010764887344674179,15.0,0.07104825647484958,82.48786258951888,0.0,0.0,OFF,216.7652942617039,216.7652942617039,-2.6433683934511407,0.07104825647484958,False,245.30367756366448,False
2025-03-01 20:15:00,simulation,0.9915622326267126,0.011745992132169647,15.002287377415211,-0.07752354807233532,82.51258057578366,0.0,0.0,OFF,221.4759263595457,221.4759263595457,-2.0546562018415955,-0.07752354807233532,False,419.92247645192765,False
2025-03-02 09:50:00,simulation,0.9823704563871808,0.10032134873173426,15.0,0.6117985984948078,82.39548440609046,0.0,0.0,OFF,222.99566369909817,222.99566369909817,-6.058633894069089,0.6117985984948078,False,124.62385582079904,False
2025-03-02 23:30:00,simulation,0.9949572140820995,0.10665829313819408,15.0,0.7039447347120849,82.37974277448669,0.0,0.0,OFF,227.4280295934412,227.4280295934412,-4.691183958467292,0.7039447347120849,False,240.70394473471208,False
2025-03-03 13:15:00,simulation,0.995915266540629,0.061044369193417936,15.011887587685033,-0.40289283667654274,82.56538173226768,0.0,0.0,OFF,238.68725246909557,238.68725246909557,-11.806875772865766,-0.40289283667654274,False,425.64183315507364,False
2025-03-04 03:05:00,simulation,0.9846504944089356,0.06329566718218338,15.0,0.15622447433171516,82.47331165230166,0.0,0.0,OFF,240.6043807885028,240.6043807885028,-6.189687953999538,0.15622447433171516,False,400.15622447433174,False
2025-03-04 17:00:00,simulation,0.9857764611394457,0.09909912606265792,15.0,0.6540542320135501,82.38826573536436,0.0,0.0,OFF,244.80946148821525,244.80946148821525,-0.7852227603631263,0.6540542320135501,False,394.66298256619467,False
2025-03-05 07:00:00,simulation,0.9913090573909162,0.05169073103801303,15.010066089728458,-0.3411588248508899,82.55536349350652,0.0,0.0,OFF,252.62061335267978,252.62061335267978,-10.018922986985586,-0.3411588248508899,False,246.66330534223968,False
2025-03-05 21:05:00,simulation,0.9882507006417389,0.0291700499928087,15.000853645000575,-0.02893164407351989,82.50469504750316,0.0,0.0,OFF,252.60146936907685,252.60146936907685,-3.508355135913348,-0.02893164407351989,False,399.9710683559265,False
2025-03-06 11:15:00,simulation,0.9953922405055173,0.04567724686880048,15.0,0.28268963932145397,82.45170718661592,0.0,0.0,OFF,259.37708416008064,259.37708416008064,-7.702504664247385,0.28268963932145397,False,147.05006033213186,False
2025-03-07 01:30:00,simulation,0.9888520925798092,0.0022217221578557655,15.0,0.014663366241848053,82.49749500826702,0.0,0.0,OFF,254.8173212662713,254.8173212662713,0.8734167158504533,0.014663366241848053,False,160.01466336624185,False
2025-03-07 15:50:00,simulation,0.9944261541683816,0.03149078680452533,15.006132416377724,-0.20783919290985153,82.53372829007748,0.0,0.0,OFF,244.52888330898102,244.52888330898102,11.72650941043608,-0.20783919290985153,False,287.78010358478593,False
2025-03-08 06:15:00,simulation,0.9824469460374524,0.055435812864697454,15.0,0.23096320459706024,82.46054378588134,0.0,0.0,OFF,243.6564213697617,243.6564213697617,5.984335755205905,0.23096320459706024,False,258.5712663111163,False
2025-03-08 20:45:00,simulation,0.9935156337193463,0.12595694125381485,15.024528456981006,-0.8313158122751858,82.63490651339553,0.0,0.0,OFF,243.78158934603323,243.78158934603323,0.3568615672288331,-0.8313158122751858,False,419.1686841877248,False
2025-03-09 11:20:00,simulation,0.9941672274488,0.0699636222808202,15.029546475712532,-1.0013859606355382,82.66250561641893,0.0,0.0,OFF,248.37460286035324,248.37460286035324,-5.604422734309111,-1.0013859606355382,False,22.698245606898205,False
2025-03-10 02:00:00,simulation,0.9858188252067206,0.04297536827501425,15.010810403745806,-0.3663850350605742,82.55945722060193,0.0,0.0,OFF,253.32435122354397,253.32435122354397,-9.103801717283716,-0.3663850350605742,False,159.63361496493943,False
2025-03-10 16:45:00,simulation,0.9914549096235119,0.12879063661983103,15.0,0.6121893192831749,82.39541765795579,0.0,0.0,OFF,256.6974904111381,256.6974904111381,-4.504294158159098,0.6121893192831749,False,560.5227373357827,False
2025-03-11 07:35:00,simulation,0.9652431850308624,0.07721019806283458,15.015035670149077,-0.5095873072147121,82.58269618581993,0.0,0.0,OFF,251.92232038308194,251.92232038308194,-5.780965654151913,-0.5095873072147121,False,336.55491297022337,False
2025-03-11 22:30:00,simulation,0.9764650785303011,0.05091691390751407,15.0,0.005266888509957823,82.49910023987954,0.0,0.0,OFF,239.51497826837817,239.51497826837817,19.57342375250323,0.005266888509957823,False,240.00526688850996,False
2025-03-12 13:30:00,simulation,0.9837970961549424,0.09666724683178707,15.0,0.6380038290897829,82.39100767919716,0.0,0.0,OFF,244.94134342099508,244.94134342099508,-1.3142938286881929,0.6380038290897829,False,269.4592882788996,False
2025-03-13 04:35:00,simulation,0.9774477807667007,0.0490988510305268,15.00956135520068,-0.32405241680145735,82.55258745360373,0.0,0.0,OFF,250.05760944561288,250.05760944561288,-11.979021088643862,-0.32405241680145735,False,399.67594758319854,False
2025-03-13 19:45:00,simulation,0.9971278893884684,0.06620696505524393,15.019099429026989,-0.6473157837795611,82.60504685964844,0.0,0.0,OFF,247.4235976412165,247.4235976412165,2.708622474170312,-0.6473157837795611,False,419.35268421622044,False
2025-03-14 11:00:00,simulation,0.9765344084489498,0.08988801658029288,15.0,0.1730734708361794,82.47043328206549,0.0,0.0,OFF,241.5623832822968,241.5623832822968,-0.7621426036931211,0.1730734708361794,False,339.16860930374565,False
2025-03-15 02:20:00,simulation,0.9864592986166923,0.023988872559240093,15.0,0.1583265588909768,82.47295254618945,0.0,0.0,OFF,243.39566312923455,243.39566312923455,2.360435646708254,0.1583265588909768,False,400.15832655889096,False
2025-03-15 17:45:00,simulation,0.9878971022256129,0.15624750173112467,15.0,1.0312335114254267,82.32383094179815,0.0,0.0,OFF,241.3651458198457,241.3651458198457,0.07951807434145053,1.0312335114254267,False,419.3715366179447,False
2025-03-16 09:15:00,simulation,0.9893637901094703,0.16709584605198735,15.0,1.1028325839431048,82.31159943357639,0.0,0.0,OFF,237.15410953280136,237.15410953280136,5.5284949698611,1.1028325839431048,False,301.7807512932531,False
2025-03-17 00:50:00,simulation,0.9840282036812338,0.15311164850714043,15.0,1.0105368801471073,82.3273666163082,0.0,0.0,OFF,238.48353033115907,238.48353033115907,-4.611864257851266,1.0105368801471073,False,401.01053688014713,False
2025-03-17 16:30:00,simulation,0.9786703843095207,0.03944830202716609,15.007682037763184,-0.2603587933793001,82.54225120769752,0.0,0.0,OFF,240.11934172264162,240.11934172264162,-8.219705927946762,-0.2603587933793001,False,542.9183567568109,False
2025-03-18 08:15:00,simulation,0.9853563952180777,0.10433884876685795,15.025305203834208,-0.8576412326512717,82.63917862108815,0.0,0.0,OFF,238.4434003044874,238.4434003044874,5.165958361903563,-0.8576412326512717,False,399.38294464617616,False
2025-03-19 00:05:00,simulation,0.9902769146603876,0.104359556108097,15.0,0.13205858596092668,82.477439991565,0.0,0.0,OFF,240.34832727347936,240.34832727347936,-3.7544946674214827,0.13205858596092668,False,400.1320585859609,False
2025-03-19 16:00:00,simulation,0.9929164067049485,0.04597087654546428,15.0,0.30340778520007206,82.44816783669499,0.0,0.0,OFF,235.4274998046012,235.4274998046012,3.1725747244671823,0.30340778520007206,False,503.3034077852,False
2025-03-20 08:00:00,simulation,0.9911670241556443,0.06204304086642054,15.012082065852933,-0.40948406971835993,82.56645136219113,0.0,0.0,OFF,234.23825600691856,234.23825600691856,3.3063285342489337,-0.40948406971835993,False,471.09051593028164,False
2025-03-21 00:05:00,simulation,0.9831707755252599,0.2239672767613321,15.0,1.2123785778602993,82.2928853262822,0.0,0.0,OFF,235.25585822951678,235.25585822951678,1.6059089121640682,1.2123785778602993,False,401.2123785778603,False
2025-03-21 16:15:00,simulation,0.9961212249806797,0.02381067758783395,15.0,0.15715047207969235,82.47315346101972,0.0,0.0,OFF,236.6520936986348,236.6520936986348,-0.4207861638490158,0.15715047207969235,False,562.2070090859256,False
2025-03-22 08:30:00,simulation,0.9905037985300588,0.08128496217593373,15.01582917684479,-0.5364807503611431,82.58706047264634,0.0,0.0,OFF,238.6430301142259,238.6430301142259,0.09066457871020361,-0.5364807503611431,False,447.56896662458337,False
2025-03-23 00:50:00,simulation,0.9776628683993034,0.04774348477413426,15.00097766425025,-0.03313489107604539,82.50537715337637,0.0,0.0,OFF,243.32725392729475,243.32725392729475,-11.493354549645971,-0.03313489107604539,False,399.96686510892397,False
2025-03-23 17:15:00,simulation,0.9833285452223745,0.07647972301273676,15.015528043907029,-0.5262747853895462,82.58540424148866,0.0,0.0,OFF,248.18544511000357,248.18544511000357,-9.39561313508085,-0.5262747853895462,False,412.0900398682053,False
2025-03-24 09:45:00,simulation,0.9952655376269048,0.06837531018395993,15.023394799431616,-0.7928940131687554,82.62867139687388,0.0,0.0,OFF,246.4116818685804,246.4116818685804,1.1072799195109724,-0.7928940131687554,False,385.08681304741754,False
2025-03-25 02:20:00,simulation,0.9827301164355874,0.02837688659707105,15.009660072591974,-0.32739813595487277,82.55313039925585,0.0,0.0,OFF,253.13717300468696,253.13717300468696,-12.103760502949825,-0.32739813595487277,False,399.67260186404513,False
2025-03-25 19:00:00,simulation,0.9726306032855148,0.05174265751726459,15.01634677516394,-0.5540231366373369,82.58990726340167,0.0,0.0,OFF,254.4280374505011,254.4280374505011,7.142365692117437,-0.5540231366373369,False,419.44597686336266,False
2025-03-26 11:45:00,simulation,0.98636503660251,0.17586371465430162,15.0,0.8010714631117217,82.36315029171841,0.0,0.0,OFF,261.6638545401793,261.6638545401793,-9.435955360117475,0.8010714631117217,False,134.46076835659255,False
2025-03-27 04:35:00,simulation,0.9889633910916872,0.0003788313651096331,15.00007377242373,-0.0025002870097274865,82.50040574833052,0.0,0.0,OFF,256.6576246800499,256.6576246800499,8.680048411365533,-0.0025002870097274865,False,399.99749971299025,False
2025-03-27 21:30:00,simulation,0.991455704507703,0.011397346741466308,15.0,0.07359949517162079,82.48742675290819,0.0,0.0,OFF,260.5560142501979,260.5560142501979,-1.2022556959352642,0.07359949517162079,False,420.0735994951716,False
2025-03-28 14:30:00,simulation,0.9903079342395893,0.044974090269708,15.008758112315679,-0.29682899578009625,82.54816961773624,0.0,0.0,OFF,262.6699614836009,262.6699614836009,0.5170868164711351,-0.29682899578009625,False,355.4922762543309,False
2025-03-29 07:35:00,simulation,0.9829598785598459,0.03867748512363889,15.013217021764081,-0.4479498727609581,82.57269361970243,0.0,0.0,OFF,260.39935451594226,260.39935451594226,7.43494764606146,-0.4479498727609581,False,336.6165504046771,False
2025-03-30 00:45:00,simulation,0.9984110720007451,0.03050738439776346,15.002638558569398,-0.08942574178451324,82.5145120721317,0.0,0.0,OFF,249.54818187702153,249.54818187702153,10.728295097805926,-0.08942574178451324,False,159.9105742582155,False
2025-03-30 18:00:00,simulation,0.9831836157595164,0.09525001269787658,15.020261435228315,-0.6866983723327137,82.61143789375573,0.0,0.0,OFF,252.3609138251315,252.3609138251315,-7.1481931922994875,-0.6866983723327137,False,419.3133016276673,False
2025-03-31 11:20:00,simulation,0.9875060311223716,0.05273518021743229,15.002882677246212,-0.09769938558785897,82.51585472485417,0.0,0.0,OFF,252.600123247064,252.600123247064,3.2223111343778896,-0.09769938558785897,False,23.601932181945884,False
2025-04-01 04:45:00,simulation,0.9763787462397062,0.01096190631471572,15.004005898564966,-0.13576748109374395,82.5220324421073,0.0,0.0,OFF,250.87653928790544,250.87653928790544,-6.00400854340981,-0.13576748109374395,False,159.86423251890625,False
2025-04-01 22:15:00,simulation,0.9920858083860369,0.038497395051564354,15.010097181262738,-0.3422125757695724,82.55553449694506,0.0,0.0,OFF,263.3962017317135,263.3962017317135,-10.39489717317457,-0.3422125757695724,False,239.65778742423043,False
2025-04-02 15:50:00,simulation,0.9952209165304207,0.07503787108435134,15.021166948697504,-0.7173879369369587,82.61641821783627,0.0,0.0,OFF,261.99227692958704,261.99227692958704,1.9964476775282378,-0.7173879369369587,False,287.2705548407588,False
2025-04-03 09:30:00,simulation,0.9968045316835856,0.009576369537095175,15.011875077192032,-0.4024688324002099,82.56531292455618,0.0,0.0,OFF,252.00703197065775,252.00703197065775,9.047773780619139,-0.4024688324002099,False,397.4920837926553,False
2025-04-04 03:15:00,simulation,0.9849048870760224,0.030526598729403887,15.001763730003661,-0.059776146610630576,82.50970051502014,0.0,0.0,OFF,259.58601065097133,259.58601065097133,-2.9542956887131027,-0.059776146610630576,False,207.94022385338937,False
2025-04-04 21:05:00,simulation,0.9880697530731166,0.005310506896112344,15.002179028713721,-0.073851405594894,82.51198465792547,0.0,0.0,OFF,249.78286064909665,249.78286064909665,5.897207784861735,-0.073851405594894,False,399.9261485944051,False
2025-04-05 15:00:00,simulation,0.9899266565978,0.024057856801583455,15.0,0.11084322318860984,82.48106428270529,0.0,0.0,OFF,249.47833280989235,249.47833280989235,3.3415375492498356,0.11084322318860984,False,406.11084322318857,False
2025-04-06 09:00:00,simulation,0.9975165072147926,0.015331519369038205,15.002985611666602,-0.1011880278356756,82.51642086416632,0.0,0.0,OFF,247.06120769398163,247.06120769398163,3.040535786059337,-0.1011880278356756,False,422.8988119721643,False
2025-04-07 03:05:00,simulation,0.9719669479486726,0.013753884143651973,15.004616416590503,-0.1564590920133071,82.52539029124776,0.0,0.0,OFF,245.0842784229891,245.0842784229891,11.137894832852965,-0.1564590920133071,False,399.8435409079867,False
2025-04-07 21:15:00,simulation,0.9832730495899208,0.03151796632315218,15.0,0.1064574127417437,82.48181352532329,0.0,0.0,OFF,240.7496424593176,240.7496424593176,9.490046549389149,0.1064574127417437,False,420.10645741274175,False
2025-04-08 15:30:00,simulation,0.9875466873626726,0.04465363865663008,15.0,0.2947140151337351,82.44965302241467,0.0,0.0,OFF,240.87701642265372,240.87701642265372,-3.6830963270235486,0.2947140151337351,False,528.4001613900783,False
2025-04-09 09:50:00,simulation,0.9855395814640144,0.10790091988561556,15.021012284398777,-0.7121460712450549,82.61556756419327,0.0,0.0,OFF,241.550475320496,241.550475320496,2.708001682344758,-0.7121460712450549,False,261.2938825399071,False
2025-04-10 04:15:00,simulation,0.9874057680322289,0.02357387075405626,15.009048851883941,-0.30668270979631984,82.54976868536167,0.0,0.0,OFF,243.6529003960139,243.6529003960139,-5.9861841213875095,-0.30668270979631984,False,207.69331729020368,False
2025-04-10 22:45:00,simulation,0.9927049045753407,0.10661912631274362,15.026636488101355,-0.9027609751107732,82.64650068455745,0.0,0.0,OFF,239.74652409273693,239.74652409273693,4.916486427326873,-0.9027609751107732,False,239.09723902488923,False
2025-04-11 17:20:00,simulation,0.9916814421878525,0.05362092947795638,15.006848381448155,-0.23210460367528896,82.53766609796484,0.0,0.0,OFF,241.6994602529375,241.6994602529375,-4.0108430378770095,-0.23210460367528896,False,388.0682638287909,False
2025-04-12 12:00:00,simulation,0.9947707472667944,0.006187303153209811,15.003240544711948,-0.10982819104821218,82.51782299591572,0.0,0.0,OFF,246.08451707681417,246.08451707681417,-6.04564369290236,-0.10982819104821218,False,131.89017180895178,False
2025-04-13 06:45:00,simulation,0.9907214841370017,0.0033414463921968007,15.001452808761206,-0.04923843747432954,82.50799044818663,0.0,0.0,OFF,243.0325466766695,243.0325466766695,0.0036843977078433454,-0.04923843747432954,False,252.56707621612048,False
2025-04-14 01:35:00,simulation,0.9810750940681343,0.11302520125261495,15.022953222071378,-0.7779281210137441,82.62624272139259,0.0,0.0,OFF,244.54350924602628,244.54350924602628,3.2903367245635593,-0.7779281210137441,False,399.22207187898624,False
2025-04-14 20:30:00,simulation,0.9924585874787469,0.033380720678451326,15.008399003808947,-0.2846581290924952,82.54619452094921,0.0,0.0,OFF,238.12157447449655,238.12157447449655,4.353206873491388,-0.2846581290924952,False,419.7153418709075,False
2025-04-15 15:30:00,simulation,0.9767142729577003,0.02605884370767164,15.000377367996068,-0.012789715326199769,82.50207552397838,0.0,0.0,OFF,235.2823426199765,235.2823426199765,10.253689619184314,-0.012789715326199769,False,528.0926576596183,False
2025-04-16 10:35:00,simulation,0.9830173334317611,0.0032739896401174917,15.000882524576486,-0.029910427538233364,82.50485388517068,0.0,0.0,OFF,232.02223246642689,232.02223246642689,8.877345814427656,-0.029910427538233364,False,62.93828623129772,False
2025-04-17 05:45:00,simulation,0.9836823824822944,0.043830529414671915,15.0,0.2698659534541292,82.45389789961825,0.0,0.0,OFF,228.94818314684903,228.94818314684903,7.928848099950727,0.2698659534541292,False,260.26986595345414,False
2025-04-18 01:00:00,simulation,0.9867576015504027,0.07081405982402522,15.013790106386782,-0.4673727948385391,82.5758455851273,0.0,0.0,OFF,221.9019584573516,221.9019584573516,3.576279337285314,-0.4673727948385391,False,207.53262720516148,False
2025-04-18 20:20:00,simulation,0.990238097649357,0.03698200322601153,15.016153231089815,-0.5474635618008463,82.58884277099399,0.0,0.0,OFF,220.57375611731206,220.57375611731206,-1.4326717338279877,-0.5474635618008463,False,399.45253643819916,False
2025-04-19 15:45:00,simulation,0.9859833909212536,0.06644570605986644,15.0,0.08317057601921363,82.48579169326338,0.0,0.0,OFF,218.75978561852963,218.75978561852963,-1.9722897800014607,0.08317057601921363,False,540.203463515433,False
2025-04-20 11:15:00,simulation,0.9896291255548615,0.04717571310933266,15.0,0.3113597065216034,82.44680938346923,0.0,0.0,OFF,216.73440760823715,216.73440760823715,-0.8025706299625597,0.3113597065216034,False,333.6950450529268,False
2025-04-21 06:50:00,simulation,0.9915273690417467,0.11305943987191114,15.022016838290847,-0.7461923031546291,82.62109261059966,0.0,0.0,OFF,216.89099174950388,216.89099174950388,1.1601669798589,-0.7461923031546291,False,390.16566303940044,False
2025-04-22 02:30:00,simulation,0.973274798078609,0.09575391751634577,15.0,0.1476054132092628,82.47478407524342,0.0,0.0,OFF,216.70985091525836,216.70985091525836,-7.450540906000214,0.1476054132092628,False,160.14760541320925,False
2025-04-22 22:15:00,simulation,0.983398619645905,0.00973855195378448,15.001896454854158,-0.06427444289496975,82.51043050169787,0.0,0.0,OFF,214.37327118443696,214.37327118443696,7.7405258228026526,-0.06427444289496975,False,247.29856431280226,False
2025-04-23 18:05:00,simulation,0.9965978101880741,0.041793441886506244,15.009369754991999,-0.3175587232423638,82.551533652456,0.0,0.0,OFF,219.23650396942105,219.23650396942105,-5.4400501638059495,-0.3175587232423638,False,399.68244127675763,False
2025-04-24 14:00:00,simulation,0.9836666887649786,0.1571027456489027,15.0,0.8307435114587776,82.35808131679246,0.0,0.0,OFF,222.32527089601967,222.32527089601967,-6.438500729620358,0.8307435114587776,False,275.33074351145876,False
2025-04-25 10:00:00,simulation,0.9925707082283972,0.05351371683010875,15.0,0.3531905310787451,82.43966328427405,0.0,0.0,OFF,223.82428386841795,223.82428386841795,-3.2619273385310805,0.3531905310787451,False,374.8531905310787,False
2025-04-26 06:05:00,simulation,0.9799989390530273,0.03148089543405952,15.0,0.20777390986481237,82.4645052903981,0.0,0.0,OFF,225.49597027420526,225.49597027420526,4.5755886374161605,0.20777390986481237,False,400.0231288967452,False
2025-04-27 02:15:00,simulation,0.9826477184552858,0.0465641199804967,15.009067749680414,-0.30732319187129775,82.54987262324228,0.0,0.0,OFF,227.64296192279005,227.64296192279005,-7.310230563749542,-0.30732319187129775,False,159.6926768081287,False
2025-04-27 22:30:00,simulation,0.9834606462355122,0.03143446781913717,15.0,0.007976994637239443,82.49863726341613,0.0,0.0,OFF,228.620396096889,228.620396096889,-6.071425858006364,0.007976994637239443,False,240.00797699463723,False
2025-04-28 18:50:00,simulation,0.9956945198939235,0.05127655219404659,15.009985433848316,-0.33842524448069966,82.55491988616573,0.0,0.0,OFF,233.79235714624565,233.79235714624565,-4.420488376585098,-0.33842524448069966,False,399.6615747555193,False
2025-04-29 15:15:00,simulation,0.9842125925323126,0.013035338961405074,15.00394331210379,-0.13364630751764395,82.52168821657085,0.0,0.0,OFF,227.8792785429245,227.8792785429245,0.8244139669107255,-0.13364630751764395,False,515.5273943378273,False
2025-04-30 11:45:00,simulation,0.9693110644321672,0.087638785133624,15.019626194084621,-0.6651688481652798,82.60794406746541,0.0,0.0,OFF,227.5206742011664,227.5206742011664,-8.702523712404513,-0.6651688481652798,False,170.16467959857513,False
2025-05-01 08:20:00,simulation,0.9928980446841135,0.11951883399181185,15.036014530498946,-1.22060057420758,82.6980799177442,0.0,0.0,OFF,233.75190062665004,233.75190062665004,-5.4574924400789655,-1.22060057420758,False,334.9553533283823,False
2025-05-02 05:00:00,simulation,0.9826271654332577,0.1850103702132344,15.059406188382946,-2.0133881143841563,82.8267340361062,0.0,0.0,OFF,242.55283247040924,242.55283247040924,-12.125071763163504,-2.0133881143841563,False,237.2234596410062,False
2025-05-03 01:45:00,simulation,0.9846410666888291,0.10211249513740484,15.058446976599898,-1.9808786123316864,82.82145837129944,0.0,0.0,OFF,234.39006374994764,234.39006374994764,4.404624218570007,-1.9808786123316864,False,158.01912138766832,False
2025-05-03 22:35:00,simulation,0.9957083444630502,0.048935680230480116,15.04746884534657,-1.608808974718933,82.76107864940614,0.0,0.0,OFF,224.12139779469896,224.12139779469896,9.49058984600515,-1.608808974718933,False,398.39119102528105,False
2025-05-04 19:30:00,simulation,0.9938120692159192,0.08459912170413197,15.047287675942789,-1.6026688008717898,82.76008221768534,0.0,0.0,OFF,224.62345403743876,224.62345403743876,-1.43671154804494,-1.6026688008717898,False,418.3973311991282,False
2025-05-05 16:30:00,simulation,0.9936319196667296,0.008323313844430302,15.032316364799236,-1.0952627421145564,82.6777400063958,0.0,0.0,OFF,218.5864567029954,218.5864567029954,8.048713260941128,-1.0952627421145564,False,390.49409503298057,False
2025-05-06 13:35:00,simulation,0.9915082174493491,0.0779845896030178,15.005790816718918,-0.19626173420326154,82.53184949195405,0.0,0.0,OFF,211.6167667340147,211.6167667340147,8.760489624490788,-0.19626173420326154,False,74.73923798835867,False
2025-05-07 10:45:00,simulation,0.9988151290332536,0.02202840757069957,15.0,0.017989522150458015,82.49692678996597,0.0,0.0,OFF,218.2265569817468,218.2265569817468,-6.71103513570489,0.017989522150458015,False,346.0627155139006,False
2025-05-08 08:00:00,simulation,0.9920620998715981,0.045659189030549996,15.008891526284899,-0.3013506476016339,82.54890339456693,0.0,0.0,OFF,210.0142853185455,210.0142853185455,10.249449185594557,-0.3013506476016339,False,315.1986493523984,False
2025-05-09 05:20:00,simulation,0.9632449937705404,0.11815965584057686,15.0,0.5842401502800669,82.40019230766048,0.0,0.0,OFF,210.82141233461203,210.82141233461203,-11.483333681345357,0.5842401502800669,False,400.58424015028004,False
2025-05-10 02:45:00,simulation,0.9894372422097706,0.00620971466893927,15.0,0.04098411681501091,82.49299854671077,0.0,0.0,OFF,208.33687414811843,208.33687414811843,5.922661254317575,0.04098411681501091,False,160.04098411681503,False
2025-05-11 00:15:00,simulation,0.9863743223046313,0.033255212567512515,15.0,0.2194844029455787,82.46250474783014,0.0,0.0,OFF,218.62166431669178,218.62166431669178,-14.383279899462764,0.2194844029455787,False,160.21948440294557,False
2025-05-11 21:50:00,simulation,0.9845056882941279,0.07560352505973711,15.0,0.49898326539427273,82.41475702549515,0.0,0.0,OFF,217.8005292556389,217.8005292556389,-3.3355885067746556,0.49898326539427273,False,400.49898326539426,False
2025-05-12 19:30:00,simulation,0.991497449555998,0.047800551829993765,15.009308528514262,-0.3154836420779432,82.55119690682844,0.0,0.0,OFF,220.93818045103185,220.93818045103185,-5.3344939856604014,-0.3154836420779432,False,419.68451635792206,False
2025-05-13 17:15:00,simulation,0.9917303896889442,0.12971418555599,15.0,0.6513259973557837,82.38873180878505,0.0,0.0,OFF,217.35316109605725,217.35316109605725,4.612033651246662,0.6513259973557837,False,413.2676406509506,False
2025-05-14 15:05:00,simulation,0.9966171801194913,0.02140457428722975,15.004168259203302,-0.14127019029572807,82.52292542561815,0.0,0.0,OFF,223.8047400298893,223.8047400298893,-7.293791236838587,-0.14127019029572807,False,307.08981038414186,False
2025-05-15 13:00:00,simulation,0.9882803021345945,0.03630381443086961,15.009775402293066,-0.3313068777163828,82.55376471261187,0.0,0.0,OFF,227.81434159606783,227.81434159606783,-7.432116662235472,-0.3313068777163828,False,418.6642289551931,False
2025-05-16 11:00:00,simulation,0.9823418906298151,0.09350273964316891,15.0,0.40205923119746245,82.43131488133712,0.0,0.0,OFF,225.1549580677113,225.1549580677113,-1.97994973312953,0.40205923119746245,False,183.3975950641069,False
2025-05-17 09:05:00,simulation,0.9922510092382796,0.07184045771168357,15.0,0.47414702089713495,82.41899988393007,0.0,0.0,OFF,223.38874693003814,223.38874693003814,3.3913352887575456,0.47414702089713495,False,299.2430664464595,False
2025-05-18 07:15:00,simulation,0.9875888623595084,0.05172787993491745,15.010073323987328,-0.34140400757047473,82.5554032819303,0.0,0.0,OFF,227.11504973699692,227.11504973699692,-0.27896199259379273,-0.34140400757047473,False,239.61387000067933,False
2025-05-19 05:30:00,simulation,0.9826082318454449,0.01061398353378884,15.008605757978177,-0.2916654190442074,82.54733166887998,0.0,0.0,OFF,229.063454940618,229.063454940618,3.707331067446802,-0.2916654190442074,False,235.8183890992218,False
2025-05-20 03:50:00,simulation,0.9878333721634334,0.21199095628985098,15.0,1.209813635993143,82.29332350385117,0.0,0.0,OFF,231.54131930882002,231.54131930882002,-3.7068608965262797,1.209813635993143,False,281.20981363599316,False
2025-05-21 02:15:00,simulation,0.9890005297817004,0.12249548954885725,15.0,0.8084702310224579,82.36188633553367,0.0,0.0,OFF,231.7812654610642,231.7812654610642,1.7932707265375427,0.8084702310224579,False,160.80847023102245,False
2025-05-22 00:45:00,simulation,0.9713753743010484,0.22786558547899105,15.044373824540646,-1.5039128641613644,82.74405603497355,0.0,0.0,OFF,237.88752534475665,237.88752534475665,-12.609593976956432,-1.5039128641613644,False,206.49608713583865,False
2025-05-22 23:20:00,simulation,0.9963880036340866,0.050137647952368525,15.019040414311096,-0.6453156634085744,82.60472227871104,0.0,0.0,OFF,230.62152038366014,230.62152038366014,7.801501777036066,-0.6453156634085744,False,399.35468433659145,False
2025-05-23 22:00:00,simulation,0.9976868156270282,0.010853051054738216,15.010246078294786,-0.34725897788280946,82.55635343062133,0.0,0.0,OFF,235.4791817407029,235.4791817407029,-5.4840154673035215,-0.34725897788280946,False,249.83481267923528,False
2025-05-24 20:45:00,simulation,0.9866357803330443,0.2925582680263883,15.063622836350877,-2.1562982914594,82.84992559992982,0.0,0.0,OFF,233.37709141913828,233.37709141913828,2.6560533035313085,-2.1562982914594,False,417.8437017085406,False
2025-05-25 19:35:00,simulation,0.9908646861740988,0.013723063916781797,15.038626647991334,-1.3091301778684965,82.71244656395234,0.0,0.0,OFF,229.12067224224424,229.12067224224424,7.118549599970635,-1.3091301778684965,False,398.6908698221315,False
2025-05-26 18:30:00,simulation,0.9966736858926832,0.06392294908837393,15.037521591413338,-1.271677719792585,82.70636875277336,0.0,0.0,OFF,224.42734753359224,224.42734753359224,4.436859327391431,-1.271677719792585,False,292.7283222802074,False
2025-05-27 17:30:00,simulation,0.9870917200099898,0.005109611495086597,15.023361091135055,-0.7917515752258595,82.62848600124279,0.0,0.0,OFF,227.2612202948268,227.2612202948268,1.4007590821676956,-0.7917515752258595,False,289.9030535748137,False
2025-05-28 16:35:00,simulation,0.9916253050165948,0.008674013546714932,15.01685336705904,-0.571192494379531,82.59269351882473,0.0,0.0,OFF,226.6968615277405,226.6968615277405,-2.1115527134259082,-0.571192494379531,False,253.94470917620248,False
2025-05-29 15:45:00,simulation,0.9661955528226184,0.015480084306888742,15.007925362199611,-0.2686055188733931,82.54358949209787,0.0,0.0,OFF,228.74628169258258,228.74628169258258,9.01232777019328,-0.2686055188733931,False,359.85168742054026,False
2025-05-30 15:00:00,simulation,0.9663732755722053,0.08154780762071567,15.021024895894309,-0.7125734986881405,82.61563692741869,0.0,0.0,OFF,223.83585629292713,223.83585629292713,-5.211178641333248,-0.7125734986881405,False,322.28742650131187,False
2025-05-31 14:20:00,simulation,0.9875478408415022,0.018632089277787145,15.017276093667945,-0.5855194989081625,82.59501851517369,0.0,0.0,OFF,223.9026109562839,223.9026109562839,-3.9690465258188397,-0.5855194989081625,False,269.23852659850195,False
2025-06-01 13:45:00,simulation,0.9833638715361335,0.10389497629228828,15.0,0.3056327828343228,82.44778773293247,0.0,0.0,OFF,221.66052902062978,221.66052902062978,6.402191739712464,0.3056327828343228,False,444.2557741689884,False
2025-06-02 13:15:00,simulation,0.9823229806586047,0.11892432131885222,15.0,0.7849005207044364,82.36591282771299,0.0,0.0,OFF,228.7412787485274,228.7412787485274,-11.387431890778032,0.7849005207044364,False,246.82962651245464,False
2025-06-03 12:50:00,simulation,0.995977553844261,0.04303351592839988,15.008380210996583,-0.28402120512742357,82.54609116048121,0.0,0.0,OFF,220.26722279044913,220.26722279044913,9.24109113094596,-0.28402120512742357,False,214.8041234523175,False
2025-06-04 12:30:00,simulation,0.9914582165345349,0.09129099333455315,15.0,0.41815591408320785,82.42856503134412,0.0,0.0,OFF,216.8251255511374,216.8251255511374,5.072145150006037,0.41815591408320785,False,173.72335076404357,False
2025-06-05 12:15:00,simulation,0.9953393942093884,0.029632838960919727,15.0,0.19557673714209756,82.46658897407157,0.0,0.0,OFF,217.71393181170174,217.71393181170174,-2.047237004622559,0.19557673714209756,False,327.02542518388253,False
2025-06-06 12:05:00,simulation,0.9864709875751867,0.07539321233632279,15.014681836086547,-0.49759520141969915,82.580750098476,0.0,0.0,OFF,216.99649043771421,216.99649043771421,4.221869351107642,-0.49759520141969915,False,205.59472730514008,False
2025-06-07 12:00:00,simulation,0.9931224053790707,0.12391736706297962,15.03366159139651,-1.1408550165196694,82.68513875268081,0.0,0.0,OFF,217.7557593765179,217.7557593765179,-0.11896895933364249,-1.1408550165196694,False,324.85914498348035,False
